,ITEM NAME ,CATEGORY,UOM,QTY,TOTAL COST,UNIT PRICE,RETAIL,WHOLESALE,EXPIRY DATE,SUPPLIER
80279204,ABDOMINOCENTESIS 1-5kg,SURGERY,SERVICING,,,500.00,1500,,,PAWESOME
89649190, ABORTION,CLINIC/LAB/MEDS,SERVICING,,250,250.00,500,,,PAWESOME
84260246,ACCELAC PAW 60ML,CLINIC/LAB/MEDS,BOTTLE,,678,339.00,450,,,PET717
54233959, NUETER CAT MALE,CLINIC/LAB/MEDS,SERVICING,,600,600.00,1000,,,PAWESOME
96672129, PYOMETRA,CLINIC/LAB/MEDS,SERVICING,,250,250.00,500,,,PAWESOME
63892420,5IN1 VACCINE (TOGALABZ),CLINIC/LAB/MEDS,SERVICING,,4749.25,189.97,500,,9 Jun 2026,
38384172,6IN1VACCINE,CLINIC/LAB/MEDS,PIECES,100,"22,764",227.64,600,,16 Sep 2025,NUVETUS
18507591,6IN1VACCINE (TOGALABZ),CLINIC/LAB/MEDS,PIECES,25,,243.84,600,,18 Aug 2026,TOGALABZ AGRO HARVESTERS TRADING
55270939,8IN1VACCINE,CLINIC/LAB/MEDS,PIECES,100,298.9,"29,890.00",750,,12 Aug 2025,NUVETUS
99213916,AMOXICILLIN - INJECTABLE (1 TO 5KG),CLINIC/LAB/MEDS,SERVICING,,,11.8,200,,,
86637510,AMOXICILLIN - INJECTABLE (5.1 TO 10KG),CLINIC/LAB/MEDS,SERVICING,,,28.75,250,,,
39461636,AMOXICILLIN - INJECTABLE (10.1 TO 15KG),CLINIC/LAB/MEDS,SERVICING,,,30.62,300,,,
97346975,AMOXICILLIN - INJECTABLE (15.1 TO 20KG),CLINIC/LAB/MEDS,SERVICING,,,47.5,350,,,
71683249,AMOXICILLIN - INJECTABLE (20.1 TO 25KG),CLINIC/LAB/MEDS,SERVICING,,,59.37,400,,,
13103385,AMOXICILLIN - INJECTABLE (25.1 TO 30KG),CLINIC/LAB/MEDS,SERVICING,,,71.25,450,,,
40719665,AMOXICILLIN - INJECTABLE (30.1 TO 35KG),CLINIC/LAB/MEDS,SERVICING,,,83.12,500,,,
49963427,AMOXICILLIN - INJECTABLE (35.1 TO 40KG),CLINIC/LAB/MEDS,SERVICING,,,95,550,,,
13438142,AMOXICILLIN - INJECTABLE (40.1 TO 45KG),CLINIC/LAB/MEDS,SERVICING,,,106.9,600,,,
81945832,AMOXICILLIN - INJECTABLE (45.1 TO 50KG),CLINIC/LAB/MEDS,PIECES,,,118.75,650,,,
45972058,AMOXICILLIN - MOXYLOR (PRIMECARE),CLINIC/LAB/MEDS,PIECES,,,21.5,250,,1 Oct 2028,PRIMECARE PHARMA
4806523302814,AMOXICILLIN TRIHYDRATE - EPPITREXIL 250MG/5ML SYRUP,CLINIC/LAB/MEDS,PIECES,10,250,25,250,,1 Mar 2028,
31926010,ANTI-RABIES,CLINIC/LAB/MEDS,PIECES,300,50,,350,,13 Jul 2026,NUVETUS
4806529040260,APOQUEL 5.4MG,CLINIC/LAB/MEDS,PIECES,100,7911.6,79.12,140,,1 Mar 2027,NUVETUS
6920092403173,AOZI DOG CAN - CHICKEN & LIVER ,DOG WET FOOD,PCS,,166,83.00,150,,6/20/2025,PET717 (EWA)
89084779,AOZI DOG CAN - BEEF,DOG WET FOOD,PCS,,166,83.00,150,,,PET717 (EWA)
81558957,ATROPINE,CLINIC/LAB/MEDS,SERVICING,,30,,150,,,
55857468,AUTOMATIC WATER/FOOD DISPENSER 3.8L (LARGE),SUPPLY AND ACCESSORIES,PIECES,1,219,219,600,,,
72096307,BABY BOO DIAPER MEDIUM - MALE (10) PER PIECE,SUPPLY AND ACCESSORIES,PIECES,10,170,17.00,21,,,TML
4806535332106,BABY BOO DIAPER MEDIUM - MALE 1 PACK (10),SUPPLY AND ACCESSORIES,PACK,1,170,170.00,220,,,TML
54896161,BAG CARRIER,SUPPLY AND ACCESSORIES,PIECES,1,145,145,250,,,
35954125,BEARING JERKY DOG TREATS ,DOG TREATS,PIECES,,165,15,25,,,PET717 (EWA)
70289695,BESTGUARD CHOKE CHAIN W/O PLATE,SUPPLY AND ACCESSORIES,PIECES,7,210,30,70,,,
40151618,BED MAT NON SLIP BOTTOM,,,,,,,,,
37038724,BIOLINE EAR DROP,SUPPLY AND ACCESSORIES,PIECES,1,120,120.00,200,,,TML
6970117121902,BIOLINE EAR MITE TREATMENT (30ML),CLINIC/LAB/MEDS,PIECES,2,256,128.00,300,,01/13/2028,SOON SOON SALES CORPORATION
26505893,BIOLINE EYE DROP,SUPPLY AND ACCESSORIES,PIECES,1,120,120.00,200,,,TML
6970117120165,BIOLINE TEAR STAIN REMOVER,CLINIC/LAB/MEDS,PIECES,2,196,98.00,250,,7 Feb 2027,SOON SOON SALES CORPORATION
6970117120189,BIOLINE TOOTHPASTE WITH BEEF FLAVOR 100G,SUPPLY AND ACCESSORIES,PIECES,6,600,100.00,250,,,TML
6970117121018,BIOLINE TOOTHPASTE WITH ORANGE FLAVOR 100G,SUPPLY AND ACCESSORIES,PIECES,3,300,100.00,250,,,TML
70962291,BIOLINE TOOTHPASTE WITH ORANGE FLAVOR (MFT),SUPPLY AND ACCESSORIES,PIECES,,,69.00,250,,31 Dec 2026,MAMMONITE FISH TRADING
88126807,BLOOD CHEMISTRY TEST,CLINIC/LAB/MEDS,SERVICING,30,800,,2800,,,NUVETUS
80488453,BOARDING C&D EARLY CHECK IN,BOARDING ,SERVICING,,50,,150,,,PAWESOME 
52106057,BOARDING C&D EARLY CHECK OUT,BOARDING ,SERVICING,,50,,150,,,PAWESOME 
18826227,BOARDING C&D LATE CHECK IN,BOARDING ,SERVICING,,50,,150,,,PAWESOME 
52606045,BOARDING C&D LATE CHECK OUT,BOARDING ,SERVICING,,50,,150,,,PAWESOME 
93770637,BOARDING CAT- C01,BOARDING ,SERVICING,,375,,750,,,PAWESOME 
79168991,BOARDING CAT- C02,BOARDING ,SERVICING,,375,,750,,,PAWESOME 
54842199,BOARDING CAT- C03,BOARDING ,SERVICING,,375,,750,,,PAWESOME 
39699695,BOARDING CAT- C04,BOARDING ,SERVICING,,375,,750,,,PAWESOME 
12384990,BOARDING CAT- C05,BOARDING ,SERVICING,,375,,750,,,PAWESOME 
93459853,BOARDING DOG-DL01 21KG-30KG,BOARDING ,SERVICING,,500,,1000,,,PAWESOME 
10197592,BOARDING DOG-DL01 GIANT 41KG-50KG,BOARDING ,SERVICING,,600,,1600,,,PAWESOME 
59620624,BOARDING DOG-DL01 XL 31KG-40KG,BOARDING ,SERVICING,,550,,1100,,,PAWESOME 
23262768,BOARDING DOG-DL02 21KG-30KG,BOARDING ,SERVICING,,500,,1000,,,PAWESOME 
75717858,BOARDING DOG-DL02 GIANT 41KG-50KG,BOARDING ,SERVICING,,600,,1600,,,PAWESOME 
14602160,BOARDING DOG-DL02 XL 31KG-40KG,BOARDING ,SERVICING,,550,,1100,,,PAWESOME 
12376896,BOARDING DOG-DL03 21KG-30KG,BOARDING ,SERVICING,,500,,1000,,,PAWESOME 
78135895,BOARDING DOG-DL03 GIANT 41KG-50KG,BOARDING ,SERVICING,,600,,1600,,,PAWESOME 
74365579,BOARDING DOG-DL03 XL 31KG-40KG,BOARDING ,SERVICING,,550,,1100,,,PAWESOME 
38578076,BOARDING DOG-DM01 11KG-20KG ,BOARDING ,SERVICING,,400,,850,,,PAWESOME 
72759417,BOARDING DOG-DM02 11KG-20KG,BOARDING ,SERVICING,,400,,850,,,PAWESOME 
90254086,BOARDING DOG-DM03 11KG-20KG,BOARDING ,SERVICING,,400,,850,,,PAWESOME 
52350580,BOARDING DOG-DM04 11KG-20KG,BOARDING ,SERVICING,,400,,850,,,PAWESOME 
62750127,BOARDING DOG-DM05 11KG-20KG,BOARDING ,SERVICING,,400,,850,,,PAWESOME 
68909468,BOARDING DOG-DM06 11KG-20KG,BOARDING ,SERVICING,,400,,850,,,PAWESOME 
58888148,BOARDING DOG-DM07 11KG-20KG,BOARDING ,SERVICING,,400,,850,,,PAWESOME 
88487212,BOARDING DOG-DM08 11KG-20KG,BOARDING ,SERVICING,,400,,850,,,PAWESOME 
30892002,BOARDING DOG-DM09 11KG-20KG,BOARDING ,SERVICING,,400,,850,,,PAWESOME 
16155121,BOARDING DOG-DM10 11KG-20KG,BOARDING ,SERVICING,,400,,850,,,PAWESOME 
58886946,BOARDING DOG-DS01 10KG BELOW,BOARDING ,SERVICING,,300,,750,,,PAWESOME 
37442415,BOARDING DOG-DS02 10KG BELOW,BOARDING ,SERVICING,,300,,750,,,PAWESOME 
30487161,BOARDING DOG-DS03 10KG BELOW,BOARDING ,SERVICING,,300,,750,,,PAWESOME 
94558142,BOARDING DOG-DS04 10 KG BELOW,BOARDING ,SERVICING,,300,,750,,,PAWESOME 
25610604,BOARDING DOG-DS05 10KG BELOW,BOARDING ,SERVICING,,300,,750,,,PAWESOME 
32404975,BOARDING DOG-DS06 10KG BELOW,BOARDING ,SERVICING,,300,,750,,,PAWESOME 
23698406,BREATHABLE MOUTH COVER ADJUSTABLE MUZZLE - BLACK #3,SUPPLY AND ACCESSORIES,PIECES,2,118,59,220,,,
32115758,BREATHABLE MOUTH COVER ADJUSTABLE MUZZLE - BLACK #5,SUPPLY AND ACCESSORIES,PIECES,2,158,79.00,290,,,PET & HOME.PH
49331455,BREATHABLE MOUTH COVER ADJUSTABLE MUZZLE - BLACK #2,SUPPLY AND ACCESSORIES,PIECES,1,,49,200,,,PET & HOME.PH
43362448,BREATHABLE MOUTH COVER ADJUSTABLE MUZZLE - BLACK #6,SUPPLY AND ACCESSORIES,PIECES,1,,85,300,,,PET & HOME.PH
44354121,BREATHABLE MOUTH COVER ADJUSTABLE MUZZLE - BLACK #7,SUPPLY AND ACCESSORIES,PIECES,1,,89,320,,,PET & HOME.PH
8595602555765,BRIT CARE CAT TREATS - CALMING,CAT TREATS,PIECES,,218,109,150,,,PETPLAY'CE
8595602555772,BRIT CARE CAT TREATS - DIGESTIVE,CAT TREATS,PIECES,,218,109,150,,,PETPLAY'CE
8595602557424,BRIT DOG CAN - DUCK,WET DOG FOOD,PIECES,,234,117,190,,,PET717 (EWA)
8595602557479,BRIT DOG CAN - TURKEY,WET DOG FOOD,PIECES,,234,117,190,,,PET717 (EWA)
20272050,CALCIUM GLUCONATE INJECTABLE,CLINIC/LAB/MEDS,SERVICING,,550,55,150,,1 Jan 2027,I-PROTECT
13617721,CANGLOB - D. INJECTION 1 TO 2.5KG,INJECTABLE MEDICATION,SERVICING,,250,600,600,,,
14597398,CANGLOB - D. INJECTION 2.6 TO 5KG,INJECTABLE MEDICATION,SERVICING,,500,950,950,,,
89638279,CANGLOB - D. INJECTION 5.1 TO 7.5KG,INJECTABLE MEDICATION,SERVICING,,800,1350,1350,,,
24391702,CANGLOB - D. INJECTION 7.6 TO 10KG,INJECTABLE MEDICATION,SERVICING,,1100,1750,1750,,,
84652645,CANGLOB - D. INJECTION 10.1 TO 13KG,INJECTABLE MEDICATION,SERVICING,,1400,2350,2350,,,
27120309,CANGLOB - D. INJECTION 13.1 TO 16KG,INJECTABLE MEDICATION,SERVICING,,1700,2850,2850,,,
92654532,CANGLOB - D. INJECTION 16.1 TO 19KG,INJECTABLE MEDICATION,SERVICING,,2000,3350,3350,,,
50547999,CANGLOB - D. INJECTION 19.1 TO 22KG,INJECTABLE MEDICATION,SERVICING,,2300,3750,3750,,,
37681289,CANGLOB - D. INJECTION 22.1 TO 25KG,INJECTABLE MEDICATION,SERVICING,,2600,4150,4150,,,
34697702,CANGLOB - D. INJECTION 25.1 TO 28KG,INJECTABLE MEDICATION,SERVICING,,2900,4550,4550,,,
30423985,CANGLOB - D. INJECTION 28.1 TO 31KG,INJECTABLE MEDICATION,SERVICING,,3300,4950,4950,,,
63354324,CANGLOB - D. INJECTION 31.1 TO 34KG,INJECTABLE MEDICATION,SERVICING,,3700,5350,5350,,,
46031105,CANGLOB - D. INJECTION 34.1 TO 37KG,INJECTABLE MEDICATION,SERVICING,,4000,5850,5850,,,
11458456,CANGLOB - D. INJECTION 37.1 TO 40KG,INJECTABLE MEDICATION,SERVICING,,4300,6350,6350,,,
55744140,CANGLOB - D. INJECTION 40.1 TO 43KG,INJECTABLE MEDICATION,SERVICING,,4600,6950,6950,,,
75520137,CANGLOB - D. INJECTION 43.1 TO 46KG,INJECTABLE MEDICATION,SERVICING,,4900,7550,7550,,,
85343184,CANGLOB - D. INJECTION 46.1 TO 50KG,INJECTABLE MEDICATION,SERVICING,,5200,8150,8150,,,
21293894,CANGLOB - P. INJECTION 1 TO 2.5KG,INJECTABLE MEDICATION,SERVICING,,350,,700,,,
67565047,CANGLOB - P. INJECTION 2.6 TO 5KG,INJECTABLE MEDICATION,SERVICING,,600,,1000,,,
44285005,CANGLOB - P. INJECTION 5.1 TO 7.5KG,INJECTABLE MEDICATION,SERVICING,,900,,1450,,,
97849780,CANGLOB - P. INJECTION 7.6 TO 10KG,INJECTABLE MEDICATION,SERVICING,,1200,,1850,,,
99449711,CANGLOB - P. INJECTION 10.1 TO 13KG,INJECTABLE MEDICATION,SERVICING,,1500,,2450,,,
20403577,CANGLOB - P. INJECTION 13.1 TO 16KG,INJECTABLE MEDICATION,SERVICING,,1800,,2950,,,
87925159,CANGLOB - P. INJECTION 16.1 TO 19KG,INJECTABLE MEDICATION,SERVICING,,2000,,3450,,,
32095159,CANGLOB - P. INJECTION 19.1 TO 22KG,INJECTABLE MEDICATION,SERVICING,,2400,,3850,,,
69734915,CANGLOB - P. INJECTION 22.1 TO 25KG,INJECTABLE MEDICATION,SERVICING,,2700,,4250,,,
83177729,CANGLOB - P. INJECTION 25.1 TO 28KG,INJECTABLE MEDICATION,SERVICING,,3000,,4650,,,
36242290,CANGLOB - P. INJECTION 28.1 TO 31KG,INJECTABLE MEDICATION,SERVICING,,3400,,5100,,,
70907032,CANGLOB - P. INJECTION 31.1 TO 34KG,INJECTABLE MEDICATION,SERVICING,,3800,,5450,,,
26737249,CANGLOB - P. INJECTION 34.1 TO 37KG,INJECTABLE MEDICATION,SERVICING,,4100,,5950,,,
27702918,CANGLOB - P. INJECTION 37.1 TO 40KG,INJECTABLE MEDICATION,SERVICING,,4400,,6450,,,
16778641,CANGLOB - P. INJECTION 40.1 TO 43KG,INJECTABLE MEDICATION,SERVICING,,4700,,7000,,,
25910414,CANGLOB - P. INJECTION 43.1 TO 46KG,INJECTABLE MEDICATION,SERVICING,,5000,,7650,,,
63576535,CANGLOB - P. INJECTION 46.1 TO 50KG,INJECTABLE MEDICATION,SERVICING,,5300,,8250,,,
65217764,CASTRATION DOG 1-5 kg,SURGERY,SERVICING,,1000,"1,000.00",3000,,,PAWESOME
51194628,CASTRATION DOG 5 - 10 kg,SURGERY,SERVICING,,1700,"1,700.00",3500,,,PAWESOME
26633046,CASTRATION DOG 10 -15kg,SURGERY,SERVICING,,2000,"2,000.00",4000,,,PAWESOME
63231069,CASTRATION DOG 15.1 -20kg,SURGERY,SERVICING,,2300,"2,300.00",4500,,,PAWESOME
20362973,CASTRATION DOG 20.1 -25kg,SURGERY,SERVICING,,2500,"2,500.00",5500,,,PAWESOME
11646891,CASTRATION DOG  25.1 -30kg,SURGERY,SERVICING,,3000,"3,000.00",6500,,,PAWESOME
69408632,CASTRATION DOG  30.1 -35kg,SURGERY,SERVICING,,3500,"3,500.00",7500,,,PAWESOME
27643891,CASTRATION DOG  35.1 -40kg,SURGERY,SERVICING,,4000,"4,000.00",8500,,,PAWESOME
56623604,CASTRATION DOG  40.1 -45kg,SURGERY,SERVICING,,4500,"4,500.00",9500,,,PAWESOME
74003853,CAT AND DOG BED LARGE - RED,SUPPLY AND ACCESSORIES,PIECES,1,300,300,810,,,OLD STORE IN BULACAN
84601544,CAT AND DOG FLUFFY ROUND MAT LARGE,SUPPLY AND ACCESSORIES,PIECES,2,300,150,600,,,PET & HOME.PH
32763058,CAT COLLAR,SUPPLY AND ACCESSORIES,PIECES,1,100,100,290,,,
68249939,CAT COLLAR LEASH W/BELL,SUPPLY AND ACCESSORIES,PIECES,4,280,70,130,,,
77220653,CAT DAYCARE - ALL SIZES,DAYCARE,SERVICING,,100,,300,,,PAWESOME 
44600785,CAT DAYCARE - WHOLE DAY,DAYCARE,SERVICING,,250,,500,,,PAWESOME 
0011217092924,CAT HARNESS + LEAD SET BLUE,SUPPLY AND ACCESSORIES,PIECES,3,330,110.00,210,,,PET  DISCOUNT INC
27428481,CAT HARNESS + LEAD SET GREEN,SUPPLY AND ACCESSORIES,PIECES,3,330,110.00,210,,,PET  DISCOUNT INC
82926915,CAT HARNESS + LEAD SET RED,SUPPLY AND ACCESSORIES,PIECES,2,330,110.00,210,,,PET  DISCOUNT INC
78361614,CAT LITTER BOX PINK,SUPPLY AND ACCESSORIES,PIECES,1,300,300.00,700,,,PAWESOME
83410246,CAT SCRATCHBOARD ROUND,SUPPLY AND ACCESSORIES,PIECES,2,290,145,350,,,PET & HOME.PH
55919593,CAT STICK TOY CS - LARGE,SUPPLY AND ACCESSORIES,PIECES,10,450,45,90,,,
41184417,CAT STICK TOY CS - SMALL,SUPPLY AND ACCESSORIES,PIECES,6,180,30,80,,,
97358930,"CAT/DOG, PUPPY/KITTEN LEASH KITTY NYLON – GREEN",SUPPLY AND ACCESSORIES,PIECES,3,84,28,150,,,
24872690,"CAT/DOG, PUPPY/KITTEN LEASH KITTY NYLON – PINK",SUPPLY AND ACCESSORIES,PIECES,3,84,28,150,,,
6914973705906,CATSAN LITTER SAND - 3 LITERS,SUPPLY AND ACCESSORIES,PIECES,3,495,165.00,195,,,PEDIGREE AND WHISKAS
6914973108462,CATSAN LITTER SAND - 5 LITERS,SUPPLY AND ACCESSORIES,PIECES,3,666,222.00,262,,,PEDIGREE AND WHISKAS
59367291,CBC TEST,CLINIC/LAB/MEDS,SERVICING,,250,,850,,,NUVETUS
89587607,CDV TEST KIT,CLINIC/LAB/MEDS,PIECES,50,198,,1000,,1 Nov 2026,NUVETUS
4800301902531,CEFALEXIN - DIACEF 250MG CAP,CLINIC/LAB/MEDS,PIECES,,220,2.2,20,,1 Jan 2027,PRIMECARE PHARMA
4800301902524,CEFALEXIN - DIACEF 250MG/5ML SYRUP,CLINIC/LAB/MEDS,PIECES,10,260,26,250,,1 Mar 2028,PRIMECARE PHARMA
490239785822,CESAR DOG - AUSTRALIAN BEEF (85G),WET DOG FOOD,PIECES,6,445,74.17,90,,,PEDIGREE AND WHISKAS
4902397858478,CESAR DOG - AUSTRALIAN TURKEY (85G),WET DOG FOOD,PIECES,6,445,74.17,95,,,PEDIGREE AND WHISKAS
8906117651871,CETIRIZINE 10MG TABLET - CETIRILIFE,CLINIC/LAB/MEDS,PIECES,1000,650,0.65,10,,1 Jul 2027,PRIMECARE PHARMACEUTICAL DISTRIBUTORS
4800338137180,CETIRIZINE 5MG/5ML SYRUP - REGICET,CLINIC/LAB/MEDS,PIECES,10,180,18.00,150,,1 Nov 2027,PRIMECARE PHARMACEUTICAL DISTRIBUTORS
55314770,CHW TEST KIT,CLINIC/LAB/MEDS,PIECES,50,270,,1000,,1 May 2026,NUVETUS
57203614,CLIP RIBBON SMALL,SUPPLY AND ACCESSORIES,PIECES,7,140,20,60,,,
4806524280005,COATSHINE 120ML,CLINIC/LAB/MEDS,PIECES,11,385,,500,,1 Aug 2027,NUVETUS
4806524280012,COATSHINE 60ML,CLINIC/LAB/MEDS,PIECES,11,220,,380,,1 Jul 2027,NUVETUS
74346493,COATSHINE 60ML (PET717),,,,,,,,,PETPLAY'CE
37989743,COFORTA - INJECTION 1 TO 5KG,CLINIC/LAB/MEDS,SERVICING,,5.08,,100,,17 Jul 2026,NUVETUS
40878676,COFORTA - INJECTION 5.1 TO 10KG,CLINIC/LAB/MEDS,SERVICING,,10.6,,150,,,NUVETUS
93549141,COFORTA - INJECTION 10.1 TO 15KG,CLINIC/LAB/MEDS,SERVICING,,15.9,,200,,,NUVETUS
53174833,COFORTA - INJECTION 15.1 TO 20KG,CLINIC/LAB/MEDS,SERVICING,,21.2,,300,,,NUVETUS
84067050,COFORTA - INJECTION 20.1 TO 25KG,CLINIC/LAB/MEDS,SERVICING,,26.5,,400,,,NUVETUS
64072289,COFORTA - INJECTION 25.1 TO 30KG,CLINIC/LAB/MEDS,SERVICING,,31.8,,500,,,NUVETUS
80182016,COFORTA - INJECTION 30.1 TO 35KG,CLINIC/LAB/MEDS,SERVICING,,37.1,,600,,,NUVETUS
16438309,COFORTA - INJECTION 35.1 TO 40KG,CLINIC/LAB/MEDS,SERVICING,,42.4,,700,,,NUVETUS
80530800,COFORTA - INJECTION 40.1 TO 45KG,CLINIC/LAB/MEDS,SERVICING,,47.7,,800,,,NUVETUS
14597381,COFORTA - INJECTION 45.1 TO 50KG,CLINIC/LAB/MEDS,SERVICING,,53,,900,,,NUVETUS
61210509,COLLAR  BLUE (NECK 25-33CM) S,SUPPLY AND ACCESSORIES,PIECES,2,50,25.00,75,,,PET & HOME PH
37877415,COLLAR  BLUE (NECK 36-46CM) L,SUPPLY AND ACCESSORIES,PIECES,1,55,55.00,125,,,PET & HOME PH
56009477,COLLAR  BLUE (NECK 45-53CM) 2XL,SUPPLY AND ACCESSORIES,PIECES,2,150,75.00,175,,,PET & HOME PH
88610870,COLLAR  BLUE (NECK 47-57CM) XL,SUPPLY AND ACCESSORIES,PIECES,2,150,75.00,150,,,PET & HOME PH
57055503,COLLAR  RED L,SUPPLY AND ACCESSORIES,PIECES,2,110,55.00,125,,,PET & HOME PH
29162895,COLLAR  RED M,SUPPLY AND ACCESSORIES,PIECES,2,70,35.00,105,,,PET & HOME PH
41382578,COLLAR  RED S,SUPPLY AND ACCESSORIES,PIECES,2,50,25.00,75,,,PET & HOME PH
64216331,COLLAR  RED XL,SUPPLY AND ACCESSORIES,PIECES,2,150,75.00,150,,,PET & HOME PH
18976908,COLLAR BLUE (NECK 32-40CM) M,SUPPLY AND ACCESSORIES,PIECES,2,70,35.00,105,,,PET & HOME PH
58336151,COLLAR RED 2XL,SUPPLY AND ACCESSORIES,PIECES,2,170,85.00,175,,,PET & HOME PH
39844378,CONSULTATION,CLINIC/LAB/MEDS,SERVICING,,200,,450,,,PAWESOME 
87219090503,CONVENIA (ANTIBIOTIC INJECTION) 1-5KG,CLINIC/LAB/MEDS,SERVICING,,659.55,659.55,1300,,,NUVETUS
97234258,CONVENIA (ANTIBIOTIC INJECTION) 10.1-15KG,CLINIC/LAB/MEDS,SERVICING,,1978.65,"1,978.65",2300,,,NUVETUS
27099315,CONVENIA (ANTIBIOTIC INJECTION) 15.1-20KG,CLINIC/LAB/MEDS,SERVICING,,2638.2,"2,638.20",2900,,,NUVETUS
35994947,CONVENIA (ANTIBIOTIC INJECTION) 20.1-25KG,CLINIC/LAB/MEDS,SERVICING,,3297.75,"3,297.75",3500,,,NUVETUS
91983152,CONVENIA (ANTIBIOTIC INJECTION) 25.1-30KG,CLINIC/LAB/MEDS,SERVICING,,3957.3,"3,957.30",4300,,,NUVETUS
30821828,CONVENIA (ANTIBIOTIC INJECTION) 5.1-10KG,CLINIC/LAB/MEDS,SERVICING,,1319.1,"1,319.10",1500,,,NUVETUS
9311697101255,COSI PET'S MILK,CLINIC/LAB/MEDS,PIECES,6,145,870.00,250,,07/26/2025,TML
79439527,COTTON BUDS FOR DOG & CAT,SUPPLY AND ACCESSORIES,PIECES,2,170,85,200,,,
95578293,CPV/CCV TEST KIT,CLINIC/LAB/MEDS,PIECES,50,414,,1200,,1 Jun 2026,NUVETUS
55137867,CYSTOPRO PER PIECE,CLINIC/LAB/MEDS,PIECES,,2124,70.80,95,,1 Apr 2026,GALAXYPET1928LB.PH
91342539,DEMATTING/DESHEDDING - MILD,GROOMING,SERVICING,,,175.00,,,,
89207697,DEMATTING/DESHEDDING - MODERATE,GROOMING,SERVICING,,,350.00,,,,
33170305,DEMATTING/DESHEDDING - SEVERE,GROOMING,SERVICING,,,500.00,,,,
65340271,DEWORMING 1-3KG,CLINIC/LAB/MEDS,SERVICING,,50,,250,,,NUVETUS
25146325,DEWORMING 10.1KG-15KG,CLINIC/LAB/MEDS,SERVICING,,150,,400,,,NUVETUS
16123649,DEWORMING 15.1KG-20KG,CLINIC/LAB/MEDS,SERVICING,,200,,450,,,NUVETUS
89739433,DEWORMING 20.1KG-25KG,CLINIC/LAB/MEDS,SERVICING,,250,,500,,,NUVETUS
76638794,DEWORMING 25.1KG-30KG,CLINIC/LAB/MEDS,SERVICING,,300,,550,,,NUVETUS
19891705,DEWORMING 3.1-6KG,CLINIC/LAB/MEDS,SERVICING,,50,50.00,300,,,NUVETUS
79078832,DEWORMING 30.1KG-35KG,CLINIC/LAB/MEDS,SERVICING,,350,,600,,,NUVETUS
86499521,DEWORMING 35.1KG-40KG,CLINIC/LAB/MEDS,SERVICING,,400,,650,,,NUVETUS
85184794,DEWORMING 40.1KG-45KG,CLINIC/LAB/MEDS,SERVICING,,450,,700,,,NUVETUS
30724662,DEWORMING 45.1KG-50KG,CLINIC/LAB/MEDS,SERVICING,,500,,750,,,NUVETUS
85605848,DEWORMING 50.1KG-55KG,CLINIC/LAB/MEDS,SERVICING,,550,,800,,,NUVETUS
66698036,DEWORMING 6.1KG-10KG,CLINIC/LAB/MEDS,SERVICING,,60,,350,,,NUVETUS
26232515,DEXAMETHASONE INJECTABLE 1 TO 5KG,CLINIC/LAB/MEDS,SERVICING,,998,6.68,50,,1 May 2028,I-PROTECT
93829335,DEXAMETHASONE INJECTABLE 6 TO 10KG,CLINIC/LAB/MEDS,SERVICING,,,12.48,100,,,I-PROTECT
11524403,DEXAMETHASONE INJECTABLE 11 TO 15KG,CLINIC/LAB/MEDS,SERVICING,,,18.71,150,,,I-PROTECT
52519611,DEXAMETHASONE INJECTABLE 16 TO 20KG,CLINIC/LAB/MEDS,SERVICING,,,24.95,200,,,I-PROTECT
43511167,DEXAMETHASONE INJECTABLE 21 TO 25KG,CLINIC/LAB/MEDS,SERVICING,,,31.19,250,,,I-PROTECT
20131692,DEXAMETHASONE INJECTABLE 26 TO 30KG,CLINIC/LAB/MEDS,SERVICING,,,37.43,300,,,I-PROTECT
88071947,DEXTROLYTE DEXTROSE POWDER (PAWSITIVITYPH),CLINIC/LAB/MEDS,PIECES,,255,5.50,15,,1 Mar 2028,PAWSITIVITYPH
58214107,DFS (DIRECT FECAL SMEAR) TEST,CLINIC/LAB/MEDS,SERVICING,,100,,300,,,PAWESOME 
4806533600108,DIPHENHYDRAMINE INJECTABLE,CLINIC/LAB/MEDS,SERVICING,,475,47.50,200,,1 Jul 2026,I-PROTECT
97126744,DOCTORS FEE,CLINIC/LAB/MEDS,SERVICING,,150,100.00,350,,,PAWESOME 
35012627,DOCTORS VISIT FEE ,CLINIC/LAB/MEDS,SERVICING,,300,300.00,600,,,PAWESOME
88754437,DOG COLLAR W/ BELLS,SUPPLY AND ACCESSORIES,PIECES,2,120,60,120,,,
78921542,DOG DAYCARE - WHOLE DAY (ALL SIZES),DAYCARE,SERVICING,,200,,600,,,PAWESOME 
13617714,DOG DAYCARE -DGIANT 41KG-50.9KG,DAYCARE,SERVICING,,300,,500,,,PAWESOME 
55044387,DOG DAYCARE-DL 21KG-30.9KG,DAYCARE,SERVICING,,200,,400,,,PAWESOME 
66742609,DOG DAYCARE-DM 11KG-20.9KG ,DAYCARE,SERVICING,,150,,350,,,PAWESOME 
10076293,DOG DAYCARE-DS 10.9KG BELOW,DAYCARE,SERVICING,,100,,300,,,PAWESOME 
77692412,DOG DAYCARE-DXL 31KG-40.9KG,DAYCARE,SERVICING,,250,,450,,,PAWESOME 
15747938,DOG SHOES PLASTIC,SUPPLY AND ACCESSORIES,PIECES,1,100,100,210,,,
92163256,DOG FOOD SPOON,SUPPLY AND ACCESSORIES,PIECES,4,76,96.00,60,,,PET & HOME.PH
6924819017032,DONO DIAPER EXTRA SMALL - FEMALE  1 PACK (18),SUPPLY AND ACCESSORIES,PACK,1,150,150.00,229,,,TML
17580205,DONO DIAPER EXTRA SMALL - FEMALE (18) PER PIECE,SUPPLY AND ACCESSORIES,PIECES,18,150,8.33,13,,,TML
17512626,DONO DIAPER EXTRA SMALL - MALE  1 PACK (14),SUPPLY AND ACCESSORIES,PACK,1,170,170.00,214,,,TML
6924819017094,DONO DIAPER EXTRA SMALL - MALE (14) PER PIECE,SUPPLY AND ACCESSORIES,PIECES,14,170,12.14,17,,,TML
22422224,DONO DIAPER LARGE - FEMALE (12) PER PIECE,SUPPLY AND ACCESSORIES,PIECES,12,170,14.17,19,,,TML
6924819017063,DONO DIAPER LARGE - FEMALE 1 PACK (12),SUPPLY AND ACCESSORIES,PACK,1,170,170.00,230,,,TML
99049553,DONO DIAPER MEDIUM - FEMALE (14) PER PIECE,SUPPLY AND ACCESSORIES,PIECES,14,170,12.14,16,,,TML
6924819017056,DONO DIAPER MEDIUM - FEMALE 1 PACK (14),SUPPLY AND ACCESSORIES,PACK,1,170,170.00,230,,,TML
55873352,DONO DIAPER SMALL - FEMALE  (16) PER PIECE,SUPPLY AND ACCESSORIES,PIECES,16,150,9.37,15,,,TML
6924819017049,DONO DIAPER SMALL - FEMALE  1 PACK (16),SUPPLY AND ACCESSORIES,PACK,1,150,150.00,230,,,TML
6924819017100,DONO DIAPER SMALL - MALE 1 PACK (12),SUPPLY AND ACCESSORIES,PACK,1,170,170.00,218,,,TML
26274881,DONO DIAPER SMALL- MALE (12)  PER PIECE,SUPPLY AND ACCESSORIES,PIECES,12,170,14.17,18,,,TML
6924819018350,DONO PET WIPES,SUPPLY AND ACCESSORIES,PIECES,6,10,10.00,30,,,TML
44591489,DRESS - EXTRA LARGE,SUPPLY AND ACCESSORIES,PIECES,25,875,35.00,120,,,PAWS IT
47415966,DRESS - LARGE ,SUPPLY AND ACCESSORIES,PIECES,28,980,35.00,110,,,PAWS IT
35779452,DRESS - MEDIUM,SUPPLY AND ACCESSORIES,PIECES,26,894.4,34.40,99,,,PAWS IT
59230922,DRESS - SMALL,SUPPLY AND ACCESSORIES,PIECES,23,768.2,34.40,88,,,PAWS IT
39894373,EMESIS H202,SERVICING,SERVICING,,,100,500,,,
78049987,ENEMA,CLINIC/LAB/MEDS,SERVICING,,300,300,600,,,PAWESOME
72666739,EAR SWAB TEST,CLINIC/LAB/MEDS,SERVICING,,100,,300,,,PAWESOME 
89977323,EHR/ANA/BAB TEST KIT,CLINIC/LAB/MEDS,PIECES,50,756,,1400,,1 Aug 2026,NUVETUS
17959636,EUTHANASIA DOG/CAT - 1 TO 5KG,CLINIC/LAB/MEDS,SERVICING,,,"2,000.00",4500,,,PAWESOME
93285483,EUTHANASIA DOG/CAT - 5.1 TO 10KG,CLINIC/LAB/MEDS,SERVICING,,,"2,500.00",5500,,,PAWESOME
72735909,EUTHANASIA DOG/CAT - 10.1 TO 15KG,CLINIC/LAB/MEDS,SERVICING,,,"3,000.00",6500,,,PAWESOME
84064134,EUTHANASIA DOG/CAT - 15.1 TO 20KG,CLINIC/LAB/MEDS,SERVICING,,,"3,500.00",7500,,,PAWESOME
23376083,EUTHANASIA DOG/CAT - 20.1 TO 25KG,CLINIC/LAB/MEDS,SERVICING,,,"4,000.00",8500,,,PAWESOME
87892321,EUTHANASIA DOG/CAT - 25.1 TO 30KG,CLINIC/LAB/MEDS,SERVICING,,,"4,500.00",9500,,,PAWESOME
50236626,EUTHANASIA DOG/CAT - 30.1 TO 35KG,CLINIC/LAB/MEDS,SERVICING,,,"5,000.00",10500,,,PAWESOME
80826217,EUTHANASIA DOG/CAT - 35.1 TO 40KG,CLINIC/LAB/MEDS,SERVICING,,,"5,500.00",11500,,,PAWESOME
69399237,EUTHANASIA DOG/CAT - 40.1 TO 45KG,CLINIC/LAB/MEDS,SERVICING,,,"6,000.00",12500,,,PAWESOME
25118322,EUTHANASIA DOG/CAT - 45.1 TO 50KG,CLINIC/LAB/MEDS,SERVICING,,,"6,500.00",13500,,,PAWESOME
64843780,EUTHANASIA DOG/CAT - 50.1 TO 55KG,CLINIC/LAB/MEDS,SERVICING,,,"7,000.00",14500,,,PAWESOME
99379780,EUTHANASIA DOG/CAT - 55.1 TO 60KG,CLINIC/LAB/MEDS,SERVICING,,,"7,500.00",15500,,,PAWESOME
10428887,FHV/FCV TEST KIT (NUVETUS),CLINIC/LAB/MEDS,PIECES,50,828,,1200,,1 Jun 2026,NUVETUS
65839829,FINASTERIDE - SAPHTERIDE 5MG (PRIMECARE),CLINIC/LAB/MEDS,PIECES,500,2425,4.85,55,,1 Oct 2028,PRIMECARE PHARMA
83437229,FIV/FELV TEST KIT,CLINIC/LAB/MEDS,PIECES,50,375,,1200,,1 Nov 2026,NUVETUS
71318080,FPV/FCOV/GIA TEST KIT,CLINIC/LAB/MEDS,PIECES,50,637.2,,1400,,1 Nov 2026,NUVETUS
78525016,FRONTLINE (S) UP TO 10 KG - BOX,CLINIC/LAB/MEDS,BOX,10,1114,,1500,,1 Oct 2026,NUVETUS
45310836,FRONTLINE (S) UP TO 10KG - PER PIECE,CLINIC/LAB/MEDS,PIECES,30,374,,500,,1 Oct 2026,NUVETUS
12146888,FLUORESCEIN TEST,CLINIC/LAB/MEDS,PIECES,100,1259,12.59,250,,,
4806524280203,GENTIN 7ML,CLINIC/LAB/MEDS,PIECES,11,298.4,,450,,1 Sep 2027,NUVETUS
4806524781076,GABAPENTIN - GABALION 100 (I PROTECT),CLINIC/LAB/MEDS,PIECES,,1400,14,50,,1 Apr 2028,I-PROTECT MEDICAL SUPPLIES TRADING
8904198504024,GABAPENTIN - GABAVEX 100,CLINIC/LAB/MEDS,PIECES,,1400,14,50,,1 Feb 2028,I-PROTECT MEDICAL SUPPLIES TRADING
43490639,GROOMING CAT - ALA CARTE ANAL DRAIN ,GROOMING,SERVICING,,80,,250,,,
81449774,5IN1 VACCINE,CLINIC/LAB/MEDS,PIECES,100,232.8,,500,,14 Oct 2025,NUVETUS
60509444,GROOMING CAT - ALA CARTE BELLY SHAVING,GROOMING,SERVICING,,80,,180,,,
55679572,GROOMING CAT - ALA CARTE DEMATTIING/DESHEDDING ,GROOMING,SERVICING,,30,,230,,,
13592431,GROOMING CAT - ALA CARTE EAR CLEANING ,GROOMING,SERVICING,,50,,150,,,
26872513,GROOMING CAT - ALA CARTE EYE WASH ,GROOMING,SERVICING,,50,,150,,,
61773752,4IN1 VACCINE,CLINIC/LAB/MEDS,PIECES,100,568,,900,,26 Jan 2026,NUVETUS
34419854,4IN1 VACCINE (TOGALABZ),,,,,,,,,
73398424,GENERAL ANESTHESIA 1KG-5KG,CLINIC/LAB/MEDS,SERVICING,,,320,1500,,,
61521759,GENERAL ANESTHESIA 5.1KG -10KG,CLINIC/LAB/MEDS,SERVICING,,,640,2500,,,
33011929,GENERAL ANESTHESIA 10.1KG -15KG,CLINIC/LAB/MEDS,SERVICING,,,960,3500,,,
41253328,GENERAL ANESTHESIA 15.1KG -20KG,CLINIC/LAB/MEDS,SERVICING,,,1280,4500,,,
93704687,GENERAL ANESTHESIA 20.1KG -25KG,CLINIC/LAB/MEDS,SERVICING,,,1600,5500,,,
45501029,GLUCOSE TEST,CLINIC/LAB/MEDS,SERVICING,,,11.98,200,,,SINOCARE
31146364,GROOMING CAT - ALA CARTE FACE&HEAD TRIM ,GROOMING,SERVICING,,100,,300,,,
63511789,GROOMING CAT - ALA CARTE FACIAL TRIMMING,GROOMING,SERVICING,,80,,180,,,
92548350,GROOMING CAT - ALA CARTE NAIL TRIM  & FILING,GROOMING,SERVICING,,50,,150,,,
20262433,GROOMING CAT - ALA CARTE PAW SHAVING,GROOMING,SERVICING,,80,,180,,,
29690466,GROOMING CAT - ALA CARTE TEETH BRUSHING ,GROOMING,SERVICING,,50,,150,,,
67508808,GROOMING CAT- ALA CARTE SANITARY SHAVING,GROOMING,SERVICING,,50,,250,,,
11481171,GROOMING CAT- ALA CARTE SERVICE,GROOMING,SERVICING,,50,,150,,,PAWESOME 
95445083,GROOMING CAT- BASIC ,GROOMING,SERVICING,,200,,500,,,PAWESOME 
22485625,GROOMING CAT- FULL GROOM,GROOMING,SERVICING,,250,,700,,,PAWESOME 
34054673,GROOMING CAT- FULL GROOM W/O HAIRCUT,GROOMING,SERVICING,,150,,600,,,PAWESOME 
65934395,GROOMING CAT- ORGANIC/MEDICATED SHAMPOO,GROOMING,SERVICING,,30,,100,,,PAWESOME 
71887494,GROOMING CAT- SPECIAL CUT REQUEST,GROOMING,SERVICING,,70,,150,,,PAWESOME 
41084106,GROOMING DOG GIANT - ALA CARTE ANAL DRAIN (36KG UP),GROOMING,SERVICING,,200,,400,,,PAWESOME 
87495065,GROOMING DOG GIANT - ALA CARTE EYE WASH (36KG UP),GROOMING,SERVICING,,150,,350,,,PAWESOME 
90223419,GROOMING DOG GIANT - ALA CARTE FACE&HEAD TRIM (36KG UP),GROOMING,SERVICING,,250,,650,,,PAWESOME 
98676965,GROOMING DOG GIANT - ALA CARTE PAW SHAVING/ POODLEFOOT (36KG UP),GROOMING,SERVICING,,200,,400,,,PAWESOME 
41873076,GROOMING DOG GIANT - ALA CARTE SANITARY SHAVING (36KG UP),GROOMING,SERVICING,,200,,500,,,PAWESOME 
68595166,GROOMING DOG GIANT- ALA CARTE BELLY SHAVING (36KG UP),GROOMING,SERVICING,,200,,400,,,PAWESOME 
62985604,GROOMING DOG GIANT- ALA CARTE DEMATTIING/DESHEDDING (36KG UP),GROOMING,SERVICING,,200,,600,,,PAWESOME 
92958760,GROOMING DOG GIANT- ALA CARTE EAR CLEANING (36KG UP),GROOMING,SERVICING,,150,,350,,,PAWESOME 
35210092,GROOMING DOG GIANT- ALA CARTE FACIAL TRIMMING (36KG UP),GROOMING,SERVICING,,200,,400,,,PAWESOME 
13727208,GROOMING DOG GIANT- ALA CARTE NAIL TRIM & FILING (36KG UP),GROOMING,SERVICING,,150,,350,,,PAWESOME 
87095562,GROOMING DOG GIANT- ALA CARTE TEETH BRUSHING (36KG UP),GROOMING,SERVICING,,150,,350,,,PAWESOME 
68254988,GROOMING DOG GIANT-BASIC (36KG UP),GROOMING,SERVICING,,450,,1200,,,PAWESOME 
71257150,GROOMING DOG GIANT-FULL GROOM  W/O HAIRCUT (36KG UP),GROOMING,SERVICING,,500,,1500,,,PAWESOME 
91997685,GROOMING DOG GIANT-FULL GROOM (36KG UP),GROOMING,SERVICING,,550,,1600,,,PAWESOME 
32246537,GROOMING ORGANIC/MEDICATED SHAMPOO XXL - GIANT (29 TO 36KG UP),GROOMING,SERVICING,,100,,300,,,PAWESOME 
46087393,GROOMING DOG GIANT-SPECIAL CUT REQUEST 41KG-50KG,GROOMING,SERVICING,,100,,200,,,PAWESOME 
80648666,GROOMING DOG L - ALA CARTE ANAL DRAIN (15 TO 21KG),GROOMING,SERVICING,,70,,270,,,PAWESOME 
72646526,GROOMING DOG L - ALA CARTE EYE WASH (15 TO 21KG),GROOMING,SERVICING,,50,,250,,,PAWESOME 
38289972,GROOMING DOG L - ALA CARTE FACE&HEAD TRIM (15 TO 21KG),GROOMING,SERVICING,,100,,550,,,PAWESOME 
17855426,GROOMING DOG L - ALA CARTE PAW SHAVING/ POODLEFOOT (15 TO 21KG),GROOMING,SERVICING,,70,,270,,,PAWESOME 
97754640,GROOMING DOG L - ALA CARTE SANITARY SHAVING (15 TO 21KG),GROOMING,SERVICING,,150,,400,,,PAWESOME 
42861096,GROOMING DOG L- ALA CARTE BELLY SHAVING (15 TO 21KG),GROOMING,SERVICING,,70,,270,,,PAWESOME 
37263621,GROOMING DOG L- ALA CARTE DEMATTIING/DESHEDDING (15 TO 21KG),GROOMING,SERVICING,,100,,430,,,PAWESOME 
92919389,GROOMING DOG L- ALA CARTE EAR CLEANING (15 TO 21KG),GROOMING,SERVICING,,50,,250,,,PAWESOME 
46964212,GROOMING DOG L- ALA CARTE FACIAL TRIMMING (15 TO 21KG),GROOMING,SERVICING,,70,,270,,,PAWESOME 
56287660,GROOMING DOG L- ALA CARTE NAIL TRIM & FILING (15 TO 21KG),GROOMING,SERVICING,,50,,250,,,PAWESOME 
60473929,GROOMING DOG L- ALA CARTE TEETH BRUSHING (15 TO 21KG),GROOMING,SERVICING,,50,,250,,,PAWESOME 
15235404,GROOMING DOG L-BASIC (15 TO 21KG),GROOMING,SERVICING,,200,,500,,,PAWESOME 
60587015,GROOMING DOG L-FULL GROOM W/O HAIRCUT (15 TO 21KG),GROOMING,SERVICING,,300,,850,,,PAWESOME 
40421704,GROOMING DOG L-FULL GROOM (15 TO 21KG),GROOMING,SERVICING,,350,,950,,,PAWESOME 
10817841,GROOMING ORGANIC/MEDICATED SHAMPOO L-XL (15 TO 28KG),GROOMING,SERVICING,,50,,200,,,PAWESOME 
61886599,GROOMING DOG L-SPECIAL CUT REQUESTT 21KG-30KG,GROOMING,SERVICING,,100,,200,,,PAWESOME 
81415823,GROOMING DOG M - ALA CARTE ANAL DRAIN (8 TO 14KG),GROOMING,SERVICING,,20,,220,,,PAWESOME 
47461758,GROOMING DOG M - ALA CARTE EYE WASH (8 TO 14KG),GROOMING,SERVICING,,60,,190,,,PAWESOME 
67416622,GROOMING DOG M - ALA CARTE FACE&HEAD TRIM (8 TO 14KG),GROOMING,SERVICING,,50,,350,,,PAWESOME 
61201439,GROOMING DOG M - ALA CARTE PAW SHAVING/ POODLEFOOT (8 TO 14KG),GROOMING,SERVICING,,20,,220,,,PAWESOME 
46361578,GROOMING DOG M - ALA CARTE SANITARY SHAVING (8 TO 14KG),GROOMING,SERVICING,,100,,300,,,PAWESOME 
23270220,GROOMING DOG M- ALA CARTE BELLY SHAVING (8 TO 14KG),GROOMING,SERVICING,,20,,220,,,PAWESOME 
22620712,GROOMING DOG M- ALA CARTE DEMATTIING/DESHEDDING (8 TO 14KG),GROOMING,SERVICING,,30,,330,,,PAWESOME 
58456453,GROOMING DOG M- ALA CARTE EAR CLEANING (8 TO 14KG),GROOMING,SERVICING,,60,,190,,,PAWESOME 
56585629,GROOMING DOG M- ALA CARTE FACIAL TRIMMING (8 TO 14KG),GROOMING,SERVICING,,20,,220,,,PAWESOME 
57284187,GROOMING DOG M- ALA CARTE NAIL TRIM & FILING (8 TO 14KG),GROOMING,SERVICING,,60,,190,,,PAWESOME 
35243151,GROOMING DOG M- ALA CARTE TEETH BRUSHING (8 TO 14KG),GROOMING,SERVICING,,60,,190,,,PAWESOME 
70298833,GROOMING DOG M-BASIC (8 TO 14KG),GROOMING,SERVICING,,150,,500,,,PAWESOME 
43999651,GROOMING DOG M-FULL GROOM W/O HAIRCUT (8 TO 14KG),GROOMING,SERVICING,,200,,650,,,PAWESOME 
69000744,GROOMING DOG M-FULL GROOM (8 TO 14KG),GROOMING,SERVICING,,250,,750,,,PAWESOME 
34148839,GROOMING DOG M-ORGANIC/MEDICATED SHANPOO 11KG-20KG,GROOMING,SERVICING,,50,,100,,,PAWESOME 
85464087,GROOMING DOG M-SPECIAL CUT REQUESTT 11KG-20KG,GROOMING,SERVICING,,100,,200,,,PAWESOME 
20254131,GROOMING DOG S - ALA CARTE ANAL DRAIN (1 TO 7KG),GROOMING,SERVICING,,80,,180,,,PAWESOME 
61882638,GROOMING DOG S - ALA CARTE BELLY SHAVING (1 TO 7KG),GROOMING,SERVICING,,80,,180,,,PAWESOME 
11986263,GROOMING DOG S - ALA CARTE DEMATTIING/DESHEDDING (1 TO 7KG),GROOMING,SERVICING,,30,,230,,,PAWESOME 
57810218,GROOMING DOG S - ALA CARTE EAR CLEANING (1 TO 7KG),GROOMING,SERVICING,,50,,150,,,PAWESOME 
76227202,GROOMING DOG S - ALA CARTE EYE WASH (1 TO 7KG),GROOMING,SERVICING,,50,,150,,,PAWESOME 
69286254,GROOMING DOG S - ALA CARTE FACE&HEAD TRIM (1 TO 7KG),GROOMING,SERVICING,,100,,300,,,PAWESOME 
73675310,GROOMING DOG S - ALA CARTE FACIAL TRIMMING (1 TO 7KG),GROOMING,SERVICING,,80,,180,,,PAWESOME 
67900213,GROOMING DOG S - ALA CARTE NAIL TRIM FILING (1 TO 7KG),GROOMING,SERVICING,,50,,150,,,PAWESOME 
51766887,GROOMING DOG S - ALA CARTE PAW SHAVING/ POODLEFOOT (1 TO 7KG),GROOMING,SERVICING,,80,,180,,,PAWESOME 
44665098,GROOMING DOG S - ALA CARTE SANITARY SHAVING (1 TO 7KG),GROOMING,SERVICING,,50,,250,,,PAWESOME 
28703860,GROOMING DOG S - ALA CARTE TEETH BRUSHING (1 TO 7KG),GROOMING,SERVICING,,50,,150,,,PAWESOME 
58893128,GROOMING DOG S - BASIC (1 TO 7KG),GROOMING,SERVICING,,100,,400,,,PAWESOME 
86523479,GROOMING DOG S - FULL GROOM 1 TO 7KG,GROOMING,SERVICING,,200,,650,,,PAWESOME 
49796070,GROOMING DOG S - FULL GROOM W/O HAIRCUT (1 TO 7KG),GROOMING,SERVICING,,150,,550,,,PAWESOME 
22657275,GROOMING DOG S - SPECIAL  CUT REQUEST 10KG BELOW,GROOMING,SERVICING,,100,,200,,,PAWESOME 
85693852,GROOMING ORGANIC/MEDICATED SHAMPOO S-M (1 TO 14KG),GROOMING,SERVICING,,50,,100,,,PAWESOME 
70987249,GROOMING DOG XL - ALA CARTE ANAL DRAIN (22 TO 28KG),GROOMING,SERVICING,,150,,330,,,PAWESOME 
79098717,GROOMING DOG XL - ALA CARTE EYE WASH (22 TO 28KG),GROOMING,SERVICING,,150,,300,,,PAWESOME 
77756824,GROOMING DOG XL - ALA CARTE FACE&HEAD TRIM (22 TO 28KG),GROOMING,SERVICING,,150,,550,,,PAWESOME 
77205391,GROOMING DOG XL - ALA CARTE PAW SHAVING/ POODLEFOOT (22 TO 28KG),GROOMING,SERVICING,,150,,330,,,PAWESOME 
34878873,GROOMING DOG XL - ALA CARTE SANITARY SHAVING (22 TO 28KG),GROOMING,SERVICING,,150,,400,,,PAWESOME 
69515187,GROOMING DOG XL- ALA CARTE BELLY SHAVING (22 TO 28KG),GROOMING,SERVICING,,150,,330,,,PAWESOME 
79428880,GROOMING DOG XL- ALA CARTE DEMATTING/DESHEDDING (22 TO 28KG),GROOMING,SERVICING,,150,,530,,,PAWESOME 
27866108,GROOMING DOG XL- ALA CARTE EAR CLEANING (22 TO 28KG),GROOMING,SERVICING,,100,,300,,,PAWESOME 
38882906,GROOMING DOG XL- ALA CARTE FACIAL TRIMMING (22 TO 28KG),GROOMING,SERVICING,,150,,330,,,PAWESOME 
55012973,GROOMING DOG XL- ALA CARTE NAIL TRIM & FILING (22 TO 28KG),GROOMING,SERVICING,,100,,300,,,PAWESOME 
30364530,GROOMING DOG XL- ALA CARTE TEETH BRUSHING (22 TO 28KG),GROOMING,SERVICING,,100,,300,,,PAWESOME 
68910372,GROOMING DOG XL-BASIC (22 TO 28KG),GROOMING,SERVICING,,350,,600,,,PAWESOME 
87184754,GROOMING DOG XL-FULL GROOM W/O HAIRCUT (22 TO 28KG),GROOMING,SERVICING,,400,,1050,,,PAWESOME 
34614211,GROOMING DOG XL-FULL GROOM (22 TO 28KG),GROOMING,SERVICING,,450,,1150,,,PAWESOME 
32738636,GROOMING ORGANIC/MEDICATED SHAMPOO L-XL (29 TO 36KG UP),GROOMING,SERVICING,,50,,200,,,PAWESOME 
91742216,GROOMING DOG XL-SPECIAL CUT REQUESTT 31KG-40KG,GROOMING,SERVICING,,100,,200,,,PAWESOME 
63528282,GROOMING DOG 2X-LARGE - ALA CARTE ANAL DRAIN (29 TO 35KG),GROOMING,SERVICING,,200,,400,,,PAWESOME 
69104510,GROOMING DOG 2X-LARGE - ALA CARTE EYE WASH (29 TO 35KG),GROOMING,SERVICING,,150,,350,,,PAWESOME 
69349386,GROOMING DOG 2X-LARGE - ALA CARTE FACE&HEAD TRIM (29 TO 35KG),GROOMING,SERVICING,,250,,650,,,PAWESOME 
33557540,GROOMING DOG 2X-LARGE- ALA CARTE PAW SHAVING/ POODLEFOOT (29 TO 35KG),GROOMING,SERVICING,,200,,400,,,PAWESOME 
63160024,GROOMING DOG 2X-LARGE - ALA CARTE SANITARY SHAVING (29 TO 35KG),GROOMING,SERVICING,,200,,500,,,PAWESOME 
78536937,GROOMING DOG 2X-LARGE- ALA CARTE BELLY SHAVING (29 TO 35KG),GROOMING,SERVICING,,200,,400,,,PAWESOME 
84689672,GROOMING DOG 2X-LARGE- ALA CARTE DEMATTING/DESHEDDING (29 TO 35KG),GROOMING,SERVICING,,200,,600,,,PAWESOME 
78253353,GROOMING DOG 2X-LARGE- ALA CARTE EAR CLEANING (29 TO 35KG),GROOMING,SERVICING,,150,,350,,,PAWESOME 
24903110,GROOMING DOG 2X-LARGE- ALA CARTE FACIAL TRIMMING (29 TO 35KG),GROOMING,SERVICING,,200,,400,,,PAWESOME 
13892616,GROOMING DOG 2X-LARGE- ALA CARTE NAIL TRIM & FILING (29 TO 35KG),GROOMING,SERVICING,,150,,350,,,PAWESOME 
80739210,GROOMING DOG 2X-LARGE- ALA CARTE TEETH BRUSHING (29 TO 35KG),GROOMING,SERVICING,,150,,350,,,PAWESOME 
61777194,GROOMING DOG 2X-LARGE-BASIC (29 TO 35KG),GROOMING,SERVICING,,450,,800,,,PAWESOME 
19248769,GROOMING DOG 2X-LARGE-FULL GROOM W/O HAIRCUT (29 TO 35KG),GROOMING,SERVICING,,500,,1200,,,PAWESOME 
99469887,GROOMING DOG 2X-LARGE-FULL GROOM (29 TO 35KG),GROOMING,SERVICING,,550,,1300,,,PAWESOME 
748485850245,GOODEST BRAISED BEEF WITH VEGIES 80G,WET DOG FOOD,PIECES,6,144,24.00,44,,22 Apr 2027,GOODEST
748485850016,GOODEST CAT - CHICKEN CHOMP 85G,WET CAT FOOD,PIECES,,0,15.73,40,,1 Apr 2027,GOODEST
748485850078,GOODEST CAT - MEATY MACKEREL 85G,WET CAT FOOD,PIECES,,,15.73,40,,1 Jun 2027,GOODEST
748485850054,GOODEST CAT - TENDER TUNA 85G,WET CAT FOOD,PIECES,,,15.73,46,,1 May 2027,GOODEST
748488850092,GOODEST DOG - BEEF AND LIVER STEAK 80G,WET DOG FOOD,PIECES,,0,17.96,44,,6/23/2027,GOODEST
784845542058,GOODEST DOG - BRAISED BEEF WITH VEGGIES 80G,WET DOG FOOD,PIECES,,,21.58,46,,4/21/2027,GOODEST
748485850184,GOODEST DOG - GRILLED CHICKEN & LIVER 80G ,WET DOG FOOD,PIECES,,,18.38,44,,7 Dec 2027,GOODEST
0011217092320,HARNESS WITH LEAD SET AQUA BLUE (MICHIKO) LARGE,SUPPLY AND ACCESSORIES,PIECES,2,420,210.00,265,,,PET  DISCOUNT INC
0011217092313,HARNESS WITH LEAD SET AQUA BLUE (MICHIKO) MEDIUM,SUPPLY AND ACCESSORIES,PIECES,2,330,165.00,205,,,PET  DISCOUNT INC
76437533,HARNESS WITH LEAD SET ORANGE (MICHIKO) LARGE,SUPPLY AND ACCESSORIES,PIECES,2,420,210.00,265,,,PET  DISCOUNT INC
86963534,HARNESS WITH LEAD SET ORANGE (MICHIKO) MEDIUM,SUPPLY AND ACCESSORIES,PIECES,2,330,165.00,205,,,PET  DISCOUNT INC
17040440,HARNESS WITH LEAD SET ORANGE (MICHIKO) XL,SUPPLY AND ACCESSORIES,PIECES,2,560,280.00,340,,,PET  DISCOUNT INC
76114250,HEALTH CERTIFICATION,CLINIC/LAB/MEDS,SERVICING,,150,,500,,,PAWESOME 
2072101985003,HEALTHY COAT FOR DOGS - BOTTLE,CLINIC/LAB/MEDS,PIECES,2,1392,696.00,850,,,PAWS UP PET SUPPLIES
2072101910005,HEALTHY HEART FOR DOGS - BOTTLE,CLINIC/LAB/MEDS,PIECES,2,1500,750.00,950,,,HOUSE OF SIOCO PET SUPPLIES
55313179,HEARTGARD (L) 23KG TO 45KG - BOX,CLINIC/LAB/MEDS,BOX,10,1151,,1700,,1 Jan 2027,NUVETUS
73744207,HEARTGARD (L) 23KG TO 45KG - PER PIECE,CLINIC/LAB/MEDS,PIECES,60,191,,350,,1 Jan 2027,NUVETUS
64705514,HEARTGARD (M) 12KG TO 22KG - BOX,CLINIC/LAB/MEDS,BOX,10,1016,,1500,,1 Apr 2026,NUVETUS
91655189,HEARTGARD (M) 12KG TO 22KG - PER PIECE,CLINIC/LAB/MEDS,PIECES,60,170,,300,,1 Apr 2026,NUVETUS
26079851,HEARTGARD (S) UP TO 11KG - BOX,CLINIC/LAB/MEDS,BOX,10,880,,1300,,1 Aug 2026,NUVETUS
26209791,HEARTGARD (S) UP TO 11KG - PER PIECE,CLINIC/LAB/MEDS,PIECES,60,147,,250,,1 Aug 2026,NUVETUS
82222277,HEPLOCK,CLINIC/LAB/MEDS,SERVICING,100,,13.00,25,,,
45617621,HIMALAYA - ANXOCARE (INDIA),CLINIC/LAB/MEDS,PIECES,5,592.19,118.43,650,,1 Oct 2028,INDIA
47431553,HIMALAYA - FURGLOW 200ML (INDIA),CLINIC/LAB/MEDS,PIECES,4,962.71,240.67,800,,1 Apr 2028,INDIA
58351925,HIMALAYA - LIV 52 TABLET (INDIA),CLINIC/LAB/MEDS,PIECES,10,981.71,98.17,650,,1 Nov 2028,INDIA
86508179,HIMALAYA - LIV 52 TABLET,CLINIC/LAB/MEDS,PIECES,3,1644,548.00,650,,28 Feb 2026,JEIA VETERINARY CORPORATION
27301654,HIMALAYA - LIV 52 SYRUP 200ML (INDIA),CLINIC/LAB/MEDS,PIECES,4,473.75,118.43,550,,1 Jan 2028,INDIA
18234459,HIMALAYA - NEFROTEC DS,CLINIC/LAB/MEDS,PIECES,3,1644,548.00,650,,30 Nov 2027,JEIA VETERINARY CORPORATION
8901138834715,HIMALAYA SCAVON SPRAY 100ML,CLINIC/LAB/MEDS,PIECES,2,498,249,450,,1 Aug 2027,
57238791,HIMALAYA SCAVON SPRAY 100ML,CLINIC/LAB/MEDS,PIECES,2,458,229.00,450,,1 Mar 2028,PET.COMFORTPH
79529631,HIMALAYA SCAVON SPRAY 100ML,CLINIC/LAB/MEDS,PIECES,,,,,,,INDIA
39898661,HIMALAYA SCAVON VET CREAM 50G,CLINIC/LAB/MEDS,PIECES,10,481.35,48.13,300,,1 Sep 2028,INDIA
20816865,HOME SERVICE FEE (1-3KM),CLINIC/LAB/MEDS,SERVICING,,200,200.00,500,,,PAWESOME
82093730,HOME SERVICE FEE (3-5KM),CLINIC/LAB/MEDS,SERVICING,,300,300.00,700,,,PAWESOME
66077947,HOME SERVICE FEE (7-10KM),CLINIC/LAB/MEDS,SERVICING,,350,350.00,1000,,,PAWESOME
4806525250175,HYPROMELLOSE - EQUISINE EYE DROPS,CLINIC/LAB/MEDS,PIECES,,875,175,375,,1 Apr 2027,I-PROTECT MEDICAL SUPPLIES TRADING
61155442,HYPROMELLOSE - ILLUBE (PRIMECARE),CLINIC/LAB/MEDS,PIECES,,1450,145,375,,1 Aug 2027,PRIMECARE PHARMA
15621016,IV FLUID LRS /NSS,CLINIC/LAB/MEDS,SERVICING,,100,350,350,,,
71030708,I.V SET (I.V LINE/I.V CANNULA/I.V FLUID),CLINIC/LAB/MEDS,SERVICING,,250,1000,,,,
8853301011655,IAMS DIGESTIVE 400G,FOOD SUPPLEMENT,PIECES,1,1111,370.33,503,,,PEDIGREE AND WHISKAS
8853301006644,IAMS HEALTHY ADULT - CHICKEN 400G,DRY CAT FOOD,PIECES,2,428,214.00,260,,,PEDIGREE AND WHISKAS
8853301006743,IAMS HEALTHY ADULT - TUNA SALMON 400G,DRY CAT FOOD,PIECES,2,428,214.00,260,,,PEDIGREE AND WHISKAS
8853301011662,IAMS HEALTHY IMMUNE 400G,FOOD SUPPLEMENT,PIECES,1,1111,370.33,503,,,PEDIGREE AND WHISKAS
8853301006897,IAMS INDOOR CAT & HAIRBALL 400G,DRY CAT FOOD,PIECES,2,479,239.50,280,,,PEDIGREE AND WHISKAS
8853301011648,IAMS JOINT SUPPORT 168G,FOOD SUPPLEMENT,PIECES,1,1111,370.33,503,,,PEDIGREE AND WHISKAS
37851583,IAMS PROACTIVE HEALTH DIGESTIVE HEALTH SUPPLEMENT 168G,FOOD SUPPLEMENT,PIECES,1,1111,370.33,503,,,
25548730,IAMS PROACTIVE IMMUNE SYSTEM 168G,FOOD SUPPLEMENT,PIECES,1,1111,370.33,503,,,
8901138511340,IMMUNOL SYRUP 100ML,CLINIC/LAB/MEDS,BOTTLE,3,1050,350.00,550,,,TML
45685514,IMMUNOL SYRUP 100ML,CLINIC/LAB/MEDS,PIECES,3,747,249,550,,1 Nov 2027,LAMASCOTA COCCOLOSO
46858764,IMMUNOL SYRUP 100ML,CLINIC/LAB/MEDS,PIECES,,705,235,550,,1 Nov 2027,RAVIARA INDIAN MART
45563263,IMMUNOL SYRUP 100ML,CLINIC/LAB/MEDS,PIECES,3,723,241,550,,1 Nov 2027,PET.COMFORTPH.
10115657,IMMUNOL SYRUP 100ML (VETSSHOP),CLINIC/LAB/MEDS,PIECES,5,1260,252,550,,1 Aug 2027,VETSSHOP
4806539760004,IRON AID,CLINIC/LAB/MEDS,PIECES,3,771,257,395,,1 Oct 2027,
38338793,IROPLUS 120ML,CLINIC/LAB/MEDS,PIECES,3,585,195,300,,1 Mar 2027,ELLISONS SHOPPE
11316350,I.V CATHETER WITH HEPLOCK,CLINIC/LAB/MEDS,SERVICING,,,200,500,,,PAWESOME
84075734,I.V LINE,CLINIC/LAB/MEDS,PIECES,,70,70,200,,,
98954018,JERSEY SHIRT XS-L,SUPPLY AND ACCESSORIES,PIECES,1,80,80,180,,,
23756854,JIN ZHEN DOG COLLAR W/FOOT PRINT,SUPPLY AND ACCESSORIES,PIECES,7,350,50,100,,,
8851759912654,JINNY CAT TREAT CHICKEN FLAVOUR 35G,WET CAT FOOD,PIECES,3,105,35.00,50,,19 Dec 2025,PET  DISCOUNT INC
8851759912647,JINNY CAT TREAT SEAFOOD FLAVOUR 35G,WET CAT FOOD,PIECES,4,105,35.00,50,,13 Mar 2026,PET  DISCOUNT INC
89983980,JINNY CAT TREAT SEAFOOD FLAVOUR 35G (VESTIMALL),CAT TREATS,PIECES,,275,55.00,100,,7 Dec 2026,VESTIMALL
8851759912623,JINNY CAT TREAT TUNA FLOVORED 35G,WET CAT FOOD,PIECES,3,105,35.00,50,,19 Mar 2026,PET  DISCOUNT INC
51614607,JOJOBA EAR CLEANSING LIQUID - GUAVA SCENT,SUPPLY AND ACCESSORIES,PIECES,4,1450,290.00,400,,31 Dec 2027,JEIA VETERINARY CORPORATION
96680223,JOJOBA EAR CLEANSING LIQUID - ORANGE,SUPPLY AND ACCESSORIES,PIECES,3,810,270.00,400,,1 Dec 2028,ZUNIEGA VETERINARY SUPPLIES
31385787,JOJOBA MADRE DE CACAO SOAP 145G - LAVENDER SCENT,SUPPLY AND ACCESSORIES,PIECES,5,625,125.00,225,,31 Dec 2027,JEIA VETERINARY CORPORATION
56021080,JOJOBA ORGANIC PET SHAMPOO 500ML,SUPPLY AND ACCESSORIES,PIECES,4,1120,280.00,390,,21 Dec 2027,JEIA VETERINARY CORPORATION
54598799,JOJOBA PET HERBAL SOAP 145G,SUPPLY AND ACCESSORIES,PIECES,5,600,120.00,220,,31 Dec 2026,JEIA VETERINARY CORPORATION
34532256,JOSE DOG COLLAR COTTON W/LEATHER,SUPPLY AND ACCESSORIES,PIECES,1,80,80,140,,,
30331129,KENNEL COUGH,CLINIC/LAB/MEDS,PIECES,100,212.85,,550,,5 May 2027,NUVETUS
88516974,KOWAII DRESS - LARGE,SUPPLY AND ACCESSORIES,PIECES,1,55,55,120,,,
18106565,L BITE ROPE,SUPPLY AND ACCESSORIES,PIECES,1,35,35.00,159,,,PET & HOME PH
82217075,LARGE DOG COLLAR TRI-COLOR,SUPPLY AND ACCESSORIES,PIECES,8,320,40,80,,,
18409529,LC - DOX 120ML,CLINIC/LAB/MEDS,PIECES,11,182.77,,500,,1 Sep 2027,NUVETUS
40288284,LC - DOX 120ML (PETPLAY'CE),CLINIC/LAB/MEDS,PIECES,,430,215.00,500,,1 Sep 2027,PETPLAY'CE
51453480,LC - DOX 60ML,CLINIC/LAB/MEDS,PIECES,11,110.4,,250,,1 Sep 2026,NUVETUS
42193470,LC - VIT 120ML (NUVETUS),CLINIC/LAB/MEDS,PIECES,,,125.30,250,,1 May 2028,NUVETUS
4806524280029,LC - VIT 120ML (TOGALABZ),CLINIC/LAB/MEDS,PIECES,10,125.3,,250,,1 Aug 2027,TOGALABZ
4806524280159,LC SCOURS,CLINIC/LAB/MEDS,PIECES,11,125.3,,250,,1 May 2027,NUVETUS
76192838,LEAD & COLLAR KT,SUPPLY AND ACCESSORIES,PIECES,3,210,70,150,,,
15325761,LIDOCAINE INJECTION 0 TO 0.5ML,CLINIC/LAB/MEDS,SERVICING,,110,2.20,50,,,
46461223,LIDOCAINE INJECTION 0.6 TO 1ML,CLINIC/LAB/MEDS,SERVICING,,,2.20,100,,,
74615247,LIDOCAINE INJECTION 1.1 TO 1.5ML,CLINIC/LAB/MEDS,SERVICING,,,3.30,150,,,
48138468,LIDOCAINE INJECTION 1.6 TO 2ML,CLINIC/LAB/MEDS,SERVICING,,,4.40,200,,,
21485411,LIDOCAINE INJECTION 2.1 TO 2.5ML,CLINIC/LAB/MEDS,SERVICING,,,5.50,250,,,
57445731,LIDOCAINE INJECTION 2.6 TO 3ML,CLINIC/LAB/MEDS,SERVICING,,,6.60,300,,,
44366278,LIDOCAINE INJECTION 3.1 TO 4ML,CLINIC/LAB/MEDS,SERVICING,,,9.68,350,,,
82643362,LIDOCAINE INJECTION 4.1 TO 5ML,CLINIC/LAB/MEDS,SERVICING,,,11.00,400,,,
20702243,LITTER BOX FOR CAT,SUPPLY AND ACCESSORIES,PIECES,6,INVENTORY,0.00,INVENTORY,INVENTORY,INVENTORY,INVENTORY
83093661,LIV 52 (EWA VET - PET717),CLINIC/LAB/MEDS,PIECES,,,333,650,,1 Apr 2027,PET717
2072102998439,LIVEROLIN LIVER PERFORMANCE 200ML,CLINIC/LAB/MEDS,PIECES,3,1065,355,600,,1 Apr 2026,
61135239,LIVOTINE 60ML,CLINIC/LAB/MEDS,PIECES,11,136,,210,,1 Jun 2027,NUVETUS
93977142,LIVOTINE 120ML,CLINIC/LAB/MEDS,PIECES,,528,176.00,,,1 May 2028,PET717
8904182012726,LOPERAMIDE - LOPEDIUM 2MG CAPSULE (I-PROTECT),CLINIC/LAB/MEDS,PIECES,,300,3.00,,,1 Feb 2028,I-PROTECT
CP10005432,LOVE DANDLE - PET WIPES,SUPPLY AND ACCESSORIES,PIECES,6,33.34,200.40,150,,11 Dec 2028,TML
4809015762493,MADRE CACAO  SOAP BAR 135G,SUPPLY AND ACCESSORIES,PIECES,18,1275,70.83,150,,,MADRE DE CACAO 
34866689,MARBOCYL - INJECTION 1 TO 5KG,CLINIC/LAB/MEDS,SERVICING,,,18.55,200,,26 Sep 2026,NUVETUS
44155339,MARBOCYL - INJECTION 5.1 TO 10KG,CLINIC/LAB/MEDS,SERVICING,,,37.10,250,,,NUVETUS
81824021,MARBOCYL - INJECTION 10.1 TO 15KG,CLINIC/LAB/MEDS,SERVICING,,,55.65,300,,,NUVETUS
72958261,MARBOCYL - INJECTION 15.1 TO 20KG,CLINIC/LAB/MEDS,SERVICING,,,74.20,350,,,NUVETUS
10671764,MARBOCYL - INJECTION 20.1 TO 25KG,CLINIC/LAB/MEDS,SERVICING,,,92.75,400,,,NUVETUS
36994885,MARBOCYL - INJECTION 25.1 TO 30KG,CLINIC/LAB/MEDS,SERVICING,,,111.31,450,,,NUVETUS
27803653,MARBOCYL - INJECTION 30.1 TO 35KG,CLINIC/LAB/MEDS,SERVICING,,,129.86,500,,,NUVETUS
45238208,MARBOCYL - INJECTION 35.1 TO 40KG,CLINIC/LAB/MEDS,SERVICING,,,148.41,550,,,NUVETUS
93365055,MARBOCYL - INJECTION 40.1 TO 45KG,CLINIC/LAB/MEDS,SERVICING,,,166.96,600,,,NUVETUS
97925057,MARBOCYL - INJECTION 45.1 TO 50KG,CLINIC/LAB/MEDS,SERVICING,,,185.51,700,,,NUVETUS
52770968,MCD ANTI TICK AND FLEAS SPRAY 250ML,SUPPLY AND ACCESSORIES,PIECES,3,380,126.66,350,,1 Feb 2027,MADRE DE CACAO 
97577249,MCD HERB OIL 200ML  (SERUM EXTRACT),SUPPLY AND ACCESSORIES,PIECES,2,380,190.00,350,,1 Feb 2027,MADRE DE CACAO 
31884662,MCD OINTMENT 100G,SUPPLY AND ACCESSORIES,PIECES,2,380,190.00,350,,1 Feb 2027,MADRE DE CACAO 
55787024,MDC PREMIUM SHAMPOO W/ CONDITIONER 1000ML,SUPPLY AND ACCESSORIES,PIECES,3,870,290.00,500,,1 Feb 2027,MADRE DE CACAO 
57411729,MDC PREMIUM SHAMPOO W/ CONDITIONER 500ML,SUPPLY AND ACCESSORIES,PIECES,12,900,75.00,350,,1 Feb 2027,MADRE DE CACAO 
13138103,MEDICINE FEEDER,SUPPLY AND ACCESSORIES,PIECES,4,180,45.00,100,,,PETCARE SHOP
18904173241644,MELOXICAM 15MG TABLET - MELOX 15,CLINIC/LAB/MEDS,PIECES,,400,4.00,,,1 Feb 2028,I-PROTECT
22332950,MELOXICAM - INJECTABLE (1 TO 5KG),INJECTABLE MEDICATION,SERVICING,,,5.30,250,,,PAWESOME
99264970,MELOXICAM - INJECTABLE (5.1 TO 10KG),INJECTABLE MEDICATION,SERVICING,,,10.60,350,,,PAWESOME
42735144,MELOXICAM - INJECTABLE (10.1 TO 15KG),INJECTABLE MEDICATION,SERVICING,,,15.90,450,,,PAWESOME
64745466,MELOXICAM - INJECTABLE (15.1 TO 20KG),INJECTABLE MEDICATION,SERVICING,,,21.20,550,,,PAWESOME
93449007,MELOXICAM - INJECTABLE (20.1 TO 25KG),INJECTABLE MEDICATION,SERVICING,,,26.50,650,,,PAWESOME
22251169,MELOXICAM - INJECTABLE (25.1 TO 30KG),INJECTABLE MEDICATION,SERVICING,,,31.80,750,,,PAWESOME
26281643,MELOXICAM - INJECTABLE (30.1 TO 35KG),INJECTABLE MEDICATION,SERVICING,,,37.10,850,,,PAWESOME
43117093,MELOXICAM - INJECTABLE (35.1 TO 40KG),INJECTABLE MEDICATION,SERVICING,,,42.40,950,,,PAWESOME
13190996,MELOXICAM - INJECTABLE (40.1 TO 45KG),INJECTABLE MEDICATION,SERVICING,,,47.70,1050,,,PAWESOME
66199106,MELOXICAM - INJECTABLE (45.1 TO 50KG),INJECTABLE MEDICATION,SERVICING,,,53.00,1150,,,PAWESOME
40092607,METHIOVET 500MG BOTTLE,CLINIC/LAB/MEDS,PIECES,,475,475.00,800,,APRIL.2028,PET717
4802624280500,METHIOVET 500MG TABLET,CLINIC/LAB/MEDS,PIECES,,475,7.92,15,,APRIL.2028,PET717
4806505141240,METOCLOPRAMIDE 10MG TABLET - METO,CLINIC/LAB/MEDS,PIECES,1000,950,0.95,10,,1 Mar 2027,PRIMECARE PHARMACEUTICAL DISTRIBUTORS
4806520350566,METRONIDAZOLE - AMBIDAZOL 125MG/5ML SYRUP,CLINIC/LAB/MEDS,PIECES,10,165,16.5,150,,1 Nov 2027,
68087951,MICODERM,CLINIC/LAB/MEDS,PIECES,11,231,,310,,1 Nov 2027,NUVETUS
31438995,MICROFILARIA TEST,CLINIC/LAB/MEDS,SERVICING,,150,,300,,,PAWESOME 
4809010648075,MONDEX DEXTROSE POWDER (D-GLUCOSE MONOHYDRATE),CLINIC/LAB/MEDS,PIECES,4,224,56,180,,1 Jan 2027,
68957629,MOTILLEX PAW 60ML,CLINIC/LAB/MEDS,PIECES,,360,180,300,,,PET717
96028575,MOTILLEX PAW 60ML,CLINIC/LAB/MEDS,PIECES,4,740,164.75,300,,1 Jul 2028,ZAMIEL HEINZ PET SUPPLIES
80670513,MP DOUBLE SMARTY BOWLS 2X 330ML,SUPPLY AND ACCESSORIES,PIECES,3,300,100,200,,,
50978540,MP TASTY 3.79L WILDLIFE ,SUPPLY AND ACCESSORIES,PIECES,1,450,450,1080,,,
71255996,MP TASTY CAT INLOVE BOWL 1.5L,SUPPLY AND ACCESSORIES,PIECES,4,1200,300,660,,,
76744648,MP TRENDY DINNER DOUBLE 2X 350ML,SUPPLY AND ACCESSORIES,PIECES,2,360,180,360,,,
4806037104621,MUPIROCIN - MUPICAN OINTMENT (I-PROTECT),CLINIC/LAB/MEDS,PIECES,,1500,150,250,,1 Mar 2027,I-PROTECT
8906043323385,MUPIROCIN - MUPISAPH OINTMENT,CLINIC/LAB/MEDS,PIECES,3,120,40,350,,1 Oct 2027,
26468297,MUPIROCIN - MUPISUR OINTMENT (PRIMECARE),CLINIC/LAB/MEDS,PIECES,,550,55.00,350,,1 Apr 2028,PRIMECARE PHARMA
59118619,MYCOCIDE SHAMPOO,CLINIC/LAB/MEDS,PIECES,4,642,321.00,550,,31/11/2026,PET 717 EWA
4806522720695,NACALVIT-C 120ML,CLINIC/LAB/MEDS,PIECES,3,375,125,280,,1 Jan 2027,
4806524280111,NEMATOCIDE 60ML,CLINIC/LAB/MEDS,PIECES,11,2843.99,258.54,340,,31 Oct 2027,NUVETUS
52378270,NEFROTEC (EWA VET - PET717),CLINIC/LAB/MEDS,PIECES,,,410.00,650,,1 May 2028,PET 717 EWA
4028691568889,NEXGARD (L) 10KG TO 25KG - BOX,CLINIC/LAB/MEDS,BOX,5,1520,,1950,,1 Oct 2026,NUVETUS
42237273,NEXGARD (L) 10KG TO 25KG - PER PIECE,CLINIC/LAB/MEDS,PIECES,15,506.66,,650,,1 Oct 2026,NUVETUS
4064951005381,NEXGARD (M) 4KG TO 10KG - BOX,CLINIC/LAB/MEDS,BOX,5,1438,,1800,,1 Nov 2026,NUVETUS
93231381,NEXGARD (M) 4KG TO 10KG - PER PIECE,CLINIC/LAB/MEDS,PIECES,15,479.33,,600,,1 Nov 2026,NUVETUS
75099633,NEXGARD (M) 4KG TO 10KG - PER PIECE (TOGALABZ),CLINIC/LAB/MEDS,PIECES,6,2941.12,490.19,620,,1 Jul 2027,TOGALABZ
4028691568766,NEXGARD (S) 2KG TO 4KG - BOX,CLINIC/LAB/MEDS,BOX,5,1366,,1590,,1 Aug 2026,NUVETUS
81950102,NEXGARD (S) 2KG TO 4KG - PER PIECE,CLINIC/LAB/MEDS,PIECES,15,455.33,,530,,1 Aug 2026,NUVETUS
64313382,NEXGARD (S) 2KG TO 4KG - PER PIECE (TOGALABZ),CLINIC/LAB/MEDS,PIECES,3,"1,396.64",465.55,605,,1 Jan 2027,TOGALABZ
4064951005367,NEXGARD (XL) 25KG TO 50KG - BOX,CLINIC/LAB/MEDS,BOX,5,1621,,2160,,1 Sep 2026,NUVETUS
41860793,NEXGARD (XL) 25KG TO 50KG - PER PIECE,CLINIC/LAB/MEDS,PIECES,15,540.33,,720,,1 Mar 2027,NUVETUS
4064951006678,NEXGARD COMBO (M) 2.5KG TO 7.5KG - BOX ,CLINIC/LAB/MEDS,BOX,5,1739,,2100,,1 Nov 2026,NUVETUS
79797597,NEXGARD COMBO (M) 2.5KG TO 7.5KG - PER PIECE,CLINIC/LAB/MEDS,PIECES,15,579.66,,700,,1 Nov 2026,NUVETUS
93296182,NEXGARD COMBO (M) 2.5KG TO 7.5KG - PER PIECE (TOGALABZ),CLINIC/LAB/MEDS,PIECES,9,5335.68,592.85,720,,1 Feb 2028,TOGALABZ
4064951005701,NEXGARD COMBO (S) <2.5KG - BOX,CLINIC/LAB/MEDS,BOX,5,1449,,1800,,1 Sep 2026,NUVETUS
13132255,NEXGARD COMBO (S) <2.5KG - PER PIECE,CLINIC/LAB/MEDS,PIECES,15,483,,600,,1 Sep 2026,NUVETUS
17414807,NEXGARD COMBO (S) <2.5KG - PER PIECE (TOGALABZ),CLINIC/LAB/MEDS,PIECES,,,465.55,650,,1 Nov 2026,TOGALABZ
4064951005343,NEXGARD SPECTRA (L) 15KG TO 30KG - BOX,CLINIC/LAB/MEDS,BOX,5,2265,,2350,,1 Mar 2026,NUVETUS
58700068,NEXGARD SPECTRA (L) 15KG TO 30KG - PER PIECE,CLINIC/LAB/MEDS,PIECES,15,755,,850,,1 Mar 2026,NUVETUS
4064951005336,NEXGARD SPECTRA (M) 7.5KG TO 15KG - BOX,CLINIC/LAB/MEDS,BOX,5,2058,,2150,,1 Jan 2026,NUVETUS
90115769,NEXGARD SPECTRA (M) 7.5KG TO 15KG - PER PIECE,CLINIC/LAB/MEDS,PIECES,15,686,,750,,1 Jan 2026,NUVETUS
91998194,NEXGARD SPECTRA (M) 7.5KG TO 15KG - PER PIECE ,CLINIC/LAB/MEDS,PIECES,,686,,750,,1 Jan 2025,NUVETUS
25577808,NEXGARD SPECTRA (M) 7.5KG TO 15KG - PER PIECE (TOGALABZ),CLINIC/LAB/MEDS,PIECES,6,4208.96,701.49,770,,1 Aug 2026,TOGALABZ
4064951005329,NEXGARD SPECTRA (S) 3.5KG TO 7.5KG - BOX,CLINIC/LAB/MEDS,BOX,5,1873,,2050,,1 May 2026,NUVETUS
37046835,NEXGARD SPECTRA (S) 3.5KG TO 7.5KG - PER PIECE,CLINIC/LAB/MEDS,PIECES,15,624,,700,,1 May 2026,NUVETUS
24719759,NEXGARD SPECTRA (S) 3.5KG TO 7.5KG - PER PIECE (EWA PET717),CLINIC/LAB/MEDS,PIECES,,729.67,,820,,1 Jun 2026,PET 717
48654616,NEXGARD SPECTRA (S) 3.5KG TO 7.5KG - PER PIECE (TOGALABZ),CLINIC/LAB/MEDS,PIECES,6,3830.4,638.40,820,,1 Sep 2026,TOGALABZ
99647704,NEXGARD SPECTRA (XS) 2.5KG TO 3.5KG - PER PIECE,CLINIC/LAB/MEDS,PIECES,15,567,,650,,1 Mar 2026,NUVETUS
4064951005312,NEXGARD SPECTRA (XS) 2KG TO 3.5KG - BOX,CLINIC/LAB/MEDS,BOX,5,1702,,1950,,1 Mar 2026,NUVETUS
79409117,CASTRATION DOG  15 -20kg,CLINIC/LAB/MEDS,SERVICING,,2000,"2,000.00",5500,,,PAWESOME
87757262,CASTRATION DOG 20 -25kg,CLINIC/LAB/MEDS,SERVICING,,2500,"2,500.00",7000,,,PAWESOME
84604736,NUTRIBLEND 200G,CLINIC/LAB/MEDS,PIECES,11,560,,635,,,NUVETUS
4806524280050,NUTRICAL 60ML,CLINIC/LAB/MEDS,PIECES,11,100.8,,170,,1 Nov 2027,NUVETUS
62731713,OMEGA-3 WILD FISH OIL - BOTTLE (POPOO DOG),CLINIC/LAB/MEDS,PIECES,,,478.00,650,,7 Oct 2027,POPOO DOG
69758133,OMEGA-3 WILD FISH OIL - TABLET (POPOO DOG),CLINIC/LAB/MEDS,PIECES,,,3.98,10,,7 Oct 2027,POPOO DOG
4806524140682,OMEPRAZOLE 20MG CAPSULE - RANZOLE,CLINIC/LAB/MEDS,PIECES,1000,850,0.85,10,,1 Nov 2026,PRIMECARE PHARMACEUTICAL DISTRIBUTORS
56496529,ONLINE CONSULTATION,CLINIC/LAB/MEDS,SERVICING,,200,200.00,450,,,PAWESOME
95907116,OTIDERM (APEX EAR DROPS 15ML),CLINIC/LAB/MEDS,PIECES,11,428.4,,450,,1 Jul 2027,NUVETUS
8906102180171,OTIKOO EAR DROPS ,CLINIC/LAB/MEDS,PIECES,,1625,325.00,520,,1 Feb 2028,I-PROTECT MEDICAL SUPPLIES TRADING
99763060,OTIKOO EAR DROPS (FURSURE AGRIVET),CLINIC/LAB/MEDS,PIECES,,,225.00,520,,1 Aug 2027,FURSURE GOODIES AGRIVET SUPPLY
67149636,OXYGEN THERAPY - 1 TO 8KG (FIRST 3 HOURS),CLINIC/LAB/MEDS,SERVICING,,,175.00,350,,,
89149973,OXYGEN THERAPY - 9 TO 16KG (FIRST 3 HOURS),CLINIC/LAB/MEDS,SERVICING,,,225.00,450,,,
33321578,OXYGEN THERAPY - 17 TO 24KG (FIRST 3 HOURS),CLINIC/LAB/MEDS,SERVICING,,,275.00,550,,,
98356294,OXYGEN THERAPY - 25 TO 32KG (FIRST 3 HOURS),CLINIC/LAB/MEDS,SERVICING,,,325.00,650,,,
99383107,OXYGEN THERAPY - 33 TO 40KG (FIRST 3 HOURS),CLINIC/LAB/MEDS,SERVICING,,,375.00,750,,,
84505873,OXYGEN THERAPY - 41KG ONWARDS (FIRST 3 HOURS),CLINIC/LAB/MEDS,SERVICING,,,400.00,800,,,
93619752,OXYGEN THERAPY - 1 TO 8KG (SUCCEEDING HOURS),CLINIC/LAB/MEDS,SERVICING,,,50.00,100,,,
32076615,OXYGEN THERAPY - 9 TO 16KG (SUCCEEDING HOURS),CLINIC/LAB/MEDS,SERVICING,,,50.00,100,,,
27987315,OXYGEN THERAPY - 17 TO 24KG (SUCCEEDING HOURS),CLINIC/LAB/MEDS,SERVICING,,,75.00,150,,,
58461334,OXYGEN THERAPY - 25 TO 32KG (SUCCEEDING HOURS),CLINIC/LAB/MEDS,SERVICING,,,75.00,150,,,
23666566,OXYGEN THERAPY - 33 TO 40KG (SUCCEEDING HOURS),CLINIC/LAB/MEDS,SERVICING,,,100.00,200,,,
64053424,OXYGEN THERAPY - 41KG ONWARDS (SUCCEEDING HOURS),CLINIC/LAB/MEDS,SERVICING,,,100.00,200,,,
91929761,OXYTOCIN INJECTABLE ,CLINIC/LAB/MEDS,SERVICING,,350,35.00,200,,,I-PROTECT
4806527171621,PAMPERED POOCH - MADRE DE CACAO 4000ML,SHAMPOO,PIECES,1,250,250.00,400,,,TML
23253995,PANTS - MEDIUM,SUPPLY AND ACCESSORIES,PIECES,26,863.2,33.20,95,,,PAWSIT
10112489,PANTS - SMALL,SUPPLY AND ACCESSORIES,PIECES,25,835,33.40,85,,,PAWS IT
93444682,PANTS-LARGE,SUPPLY AND ACCESSORIES,PIECES,25,910,35.00,105,,,PAWS IT
24370110,PANTS-XL,SUPPLY AND ACCESSORIES,PIECES,25,875,35.00,115,,,PAWSIT
68328580,PAWSWALK - DISPOSABLE DIAPER FEMALE - EXTRA LARGE,SUPPLY AND ACCESSORIES,PIECES,12,88,7.4,35,,,
60110008,PAWSWALK - DISPOSABLE DIAPER FEMALE - EXTRA SMALL ,SUPPLY AND ACCESSORIES,PIECES,12,58,4.84,18,,,
69757822,PAWSWALK - DISPOSABLE DIAPER FEMALE - LARGE,SUPPLY AND ACCESSORIES,PIECES,12,78,6.5,30,,,
50842711,PAWSWALK - DISPOSABLE DIAPER FEMALE - MEDIUM,SUPPLY AND ACCESSORIES,PIECES,12,72,6,25,,,
17623605,PAWSWALK - DISPOSABLE DIAPER FEMALE - SMALL,SUPPLY AND ACCESSORIES,PIECES,12,64,5.4,20,,,
24937672,PAWSWALK - DISPOSABLE DIAPER MALE - EXTRA LARGE,SUPPLY AND ACCESSORIES,PIECES,24,188,7.84,35,,,
21424540,PAWSWALK - DISPOSABLE DIAPER MALE - EXTRA SMALL,SUPPLY AND ACCESSORIES,PIECES,12,62,5.2,18,,,
57466897,PAWSWALK - DISPOSABLE DIAPER MALE - LARGE,SUPPLY AND ACCESSORIES,PIECES,12,86,7.2,30,,,
28692195,PAWSWALK - DISPOSABLE DIAPER MALE - MEDIUM,SUPPLY AND ACCESSORIES,PIECES,,75,6.25,25,,,PETSWALK.PH
25160024,PAWSWALK - DISPOSABLE DIAPER MALE - SMALL,SUPPLY AND ACCESSORIES,PIECES,12,64,5.4,20,,,
28544821,PAWSWALK - DOG PEE PAD / UNDERPAD 45x60CM - MEDIUM,SUPPLY AND ACCESSORIES,PIECES,50,165,3.3,,,,
70041507,PAWSWALK - DOG PEE PAD / UNDERPAD 60x60CM - LARGE,SUPPLY AND ACCESSORIES,PIECES,40,165,4.125,15,,,
9334214022925,PEDIGREE ADULT 1.5KG - BEEF & VEGETABLE  FLAVOR,DRY DOG FOOD,PIECES,2,299,305.00,390,,,PEDIGREE AND WHISKAS
9334214022956,PEDIGREE ADULT 1.5KG - CHICKEN & VEGETABLE  FLAVOR,DRY DOG FOOD,PIECES,4,299,299.00,380,,,PEDIGREE AND WHISKAS
9334214022963,PEDIGREE ADULT 3KG - CHICKEN & VEGETABLE FLAVOR,DRY DOG FOOD,PIECES,4,2100,525.00,620,,,PEDIGREE AND WHISKAS
8853301893725,"PEDIGREE ADULT MINI 2.7KG - BEEF, LAMB & VEGETABLE FLAVOR",DRY DOG FOOD,PIECES,2,1170,585.00,605,,,PEDIGREE AND WHISKAS
9310022726408,PEDIGREE ADULT WET FOOD - BEEF LOAF FLAVOUR,WET DOG FOOD,PIECES,6,638.04,106.34,150,,12 Apr 2026,
5998749109113,PEDIGREE DENTA STICK - 25KG (7STICKS),DOG TREAT,PIECES,3,597,199.00,229,,,PEDIGREE AND WHISKAS
8853301200325,PEDIGREE DENTA STICK - 4 TO 12 MONTHS,DOG TREAT,PIECES,3,242,80.67,110,,,PEDIGREE AND WHISKAS
5998749142288,PEDIGREE DENTA STICK (3 STICKS) - 5 TO 10KG,DOG TREAT,PIECES,6,340,56.67,70,,,PEDIGREE AND WHISKAS
5010394984577,PEDIGREE DENTA STICK (7 STICKS) - 5 TO 10KG,DOG TREAT,PIECES,6,680,113.33,150,,,PEDIGREE AND WHISKAS
8853301007122,PEDIGREE DENTA STICK MAXI -  SMOKE CHICKEN FLAVOR 68G,DOG TREAT,PIECES,6,612,102.00,115,,,PEDIGREE AND WHISKAS
8853301007030,PEDIGREE GOOD CHEW MEDIUM DOGS - BEEF FLAVOR,DOG TREAT,PIECES,6,540,135.00,155,,,PEDIGREE AND WHISKAS
8853301131971,PEDIGREE MOTHERS & BABY DOG IN MILK STAGE 1 - 1.3KG,DRY DOG FOOD,PIECES,4,1232,157.50,340,,,PEDIGREE AND WHISKAS
8853301008275,PEDIGREE PRO ADULT 1.3KG - MINI & SMALL BREED ,DRY DOG FOOD,PIECES,2,794,397.00,420,,,PEDIGREE AND WHISKAS
8853301008204,PEDIGREE PRO ADULT 1.5KG - MEDIUM & LARGE BREED,DRY DOG FOOD,PIECES,2,794,397.00,420,,,PEDIGREE AND WHISKAS
885330100215,PEDIGREE PUPPY ADULT - BEEF IN GRAVY ,WET DOG FOOD,PIECES,12,325,27.08,45,,,PEDIGREE AND WHISKAS
8853301007597,PEDIGREE PUPPY POUCH - BEEF EGG LOAF,WET DOG FOOD,PIECES,12,347,29.50,55,,,PEDIGREE AND WHISKAS
8853301002967,PEDIGREE PUPPY STAGE (BEEF AND MILK) 2 - 1.3KG,DRY DOG FOOD,PIECES,4,1232,308.00,338,,,PEDIGREE AND WHISKAS
17147774,PEDIGREE ROASTED LAMB FLAVOUR 70G,DOG TREAT,PIECES,6,642,107.00,160,,2 Feb 2027,PEDIGREE AND WHISKAS
24436861,PEDIGREE SCHMACKOS GROUND LIVER FLAVOUR 70G,DOG TREAT,PIECES,6,642,107.00,160,,21 Feb 2027,PEDIGREE AND WHISKAS
8851393003169,PEDIGREE TASTY BITE - BEEF FLAVOR 50G,DOG TREAT,PIECES,6,617,102.83,115,,,PEDIGREE AND WHISKAS
8851393003107,PEDIGREE TASTY BITE - LAMB FLAVOR 50G,DOG TREAT,PIECES,6,617,102.83,115,,9 Sep 2026,PEDIGREE AND WHISKAS
81686452,PET BELLS SLEEKY ,SUPPLY AND ACCESSORIES,PIECES,2,200,100,210,,,
38599354,PET COLLAR FOR DOG,SUPPLY AND ACCESSORIES,PIECES,1,90,90,190,,,
74385515,PET COOKIES DOG/CAT BISCUITS,DOG TREAT,PIECES,,,35.00,75,,,PET ACCESSORIES STORE
84827548,PET DECORATION CAT/DOG - BLUE BANNER,SUPPLY AND ACCESSORIES,PIECES,1,79,79.00,239,,,PET & HOME.PH
63584202,PET DECORATION CAT/DOG - BLUE HAT,SUPPLY AND ACCESSORIES,PIECES,1,59,59.00,120,,,PET & HOME.PH
65457085,PET DECORATION CAT/DOG - BLUE HAT + BIB,SUPPLY AND ACCESSORIES,PIECES,1,95,95.00,190,,,PET & HOME.PH
47857209,PET DECORATION CAT/DOG - BLUE SCRAF,SUPPLY AND ACCESSORIES,PIECES,1,49,49.00,100,,,PET & HOME.PH
12780952,PET DECORATION CAT/DOG - PINK BANNER,SUPPLY AND ACCESSORIES,PIECES,2,158,79,239,,,
75974558,PET DECORATION CAT/DOG - PINK HAT,SUPPLY AND ACCESSORIES,PIECES,1,59,59.00,120,,,PET & HOME.PH
53577177,PET DECORATION CAT/DOG - PINK HAT + BIB,SUPPLY AND ACCESSORIES,PIECES,1,95,95.00,190,,,PET & HOME.PH
10418413,PET DECORATION CAT/DOG - PINK SCRAF,SUPPLY AND ACCESSORIES,PIECES,1,49,49.00,100,,,PET & HOME.PH
37569198,PET DOG/CAT MAT SOFT BED LARGE-COFFEE FOOTPRINTS,SUPPLY AND ACCESSORIES,PIECES,,,159,259,,,PET ACCESSORIES STORE
30842212,PET DOG/CAT MAT SOFT BED MEDIUM-BLUE STARS,SUPPLY AND ACCESSORIES,PIECES,,,109,229,,,PET ACCESSORIES STORE
17080248,PET DOG/CAT MAT SOFT BED MEDIUM-PINK BEAR,SUPPLY AND ACCESSORIES,PIECES,,,113,229,,,PET ACCESSORIES STORE
28691631,PET DOG/CAT MAT SOFT BED MEDIUM-WHITE STARS,SUPPLY AND ACCESSORIES,PIECES,,,129,229,,,PET ACCESSORIES STORE
55835398,PET DOG HARNESS & DENIM LEASH – BLACK (L),SUPPLY AND ACCESSORIES,PIECES,2,290,145,500,,,
22501455,PET DOG HARNESS & DENIM LEASH – RED (L),SUPPLY AND ACCESSORIES,PIECES,2,290,145,500,,,
60371607,PET HARNESS - PURPLE GREEN LARGE,SUPPLY AND ACCESSORIES,PIECES,2,310,155,285,,,
11326960,PET HARNESS - YELLOW PINK LARGE,SUPPLY AND ACCESSORIES,PIECES,2,310,155,285,,,
47878839,PET LEASH HARNESS - BLACK XL,SUPPLY AND ACCESSORIES,PIECES,2,280,140,300,,,
61191983,PET LEASH HARNESS - BLUE LARGE,SUPPLY AND ACCESSORIES,PIECES,2,240,120,250,,,
14427671,PET LEASH HARNESS - ORANGE LARGE,SUPPLY AND ACCESSORIES,PIECES,2,232,116,250,,,
96395608,PET LEASH HARNESS - PURPLE MEDIUM,SUPPLY AND ACCESSORIES,PIECES,2,200,100,230,,,
13932985,PET NECKLACE CHERRY BLOSSOM (PINK),SUPPLY AND ACCESSORIES,PIECES,6,348,58,98,,,
94299847,PET NECKLACE CHERRY BLOSSOM (PURPLE),SUPPLY AND ACCESSORIES,PIECES,7,322,46,88,,,
41654682,PET STAINLESS BOWL/DOG FOOD BOWL - 15CM,SUPPLY AND ACCESSORIES,PIECES,2,70,35,135,,,
28085263,PET STAINLESS BOWL/DOG FOOD BOWL - 18CM,SUPPLY AND ACCESSORIES,PIECES,2,110,55,225,,,
87371802,PET STAINLESS BOWL/DOG FOOD BOWL - 22CM,SUPPLY AND ACCESSORIES,PIECES,2,150,75,260,,,
32618631,PET STAINLESS BOWL/DOG FOOD BOWL - 26CM,SUPPLY AND ACCESSORIES,PIECES,2,160,80,285,,,
58537893,PET STAINLESS BOWL/DOG FOOD BOWL - 30CM,SUPPLY AND ACCESSORIES,PIECES,2,192,96,300,,,
69114069,PET TOWEL SMALL ,SUPPLY AND ACCESSORIES,PIECES,2,100,50,110,,,
39559555,PET WATER DISPENSER DRINKER FEEDER 350ML/500ML - BLUE,SUPPLY AND ACCESSORIES,PIECES,2,226,113,250,,,
50311408,PET WATER DISPENSER DRINKER FEEDER 350ML/500ML- PINK,SUPPLY AND ACCESSORIES,PIECES,2,214,107,250,,,
28248651,PET WATER DISPENSER NOZZLE - BLUE,SUPPLY AND ACCESSORIES,PIECES,2,88,44,190,,,
55443050,PET WATER DISPENSER NOZZLE - PINK,SUPPLY AND ACCESSORIES,PIECES,2,90,45,190,,,
38270055,PET WATER FEEDER,SUPPLY AND ACCESSORIES,PIECES,4,360,90,190,,,
6973832027894,PETCARE - PET WIPES,SUPPLY AND ACCESSORIES,PIECES,15,222,14.8,100,,,
84152329,PHYTOMENADIONE INJECTABLE,CLINIC/LAB/MEDS,SERVICING,,400,40,130,,1 Dec 2027,I - PROTECT
4806527170488,PLAY PETS  SHAMPOO - COTTON FRESH 4000ML,SHAMPOO,PIECES,1,700,700.00,820,,,TML
4806527170501,PLAY PETS  SHAMPOO - LAVENDER BREEZE 4000ML,SHAMPOO,PIECES,1,700,700.00,820,,,TML
66224846,POOP BAG 3S FOR DOG & CAT,SUPPLY AND ACCESSORIES,PIECES,17,340,20,70,,,
43887422,PORTABLE BALL (RAINBOW COTTON ROPE PET TOY) ,SUPPLY AND ACCESSORIES,PIECES,1,35,35.00,100,,,PET & HOME PH
16645776,PORTABLE PET FEEDING BOTTLE 300ML,SUPPLY AND ACCESSORIES,PIECES,1,60,60,120,,,
94370638,PORTABLE PET FEEDING BOWL 500ML,SUPPLY AND ACCESSORIES,PIECES,2,140,70,140,,,
56140354,PORTABLE WATER FEEDER FOR TRAVELLING - BLUE,SUPPLY AND ACCESSORIES,PIECES,2,148,74,300,,,
31386678,PORTABLE WATER FEEDER FOR TRAVELLING - PINK,SUPPLY AND ACCESSORIES,PIECES,2,148,74,300,,,
38795459,PRECIOUS SCENT PET COLOGNE - MYSTIC SCENT,SUPPLY AND ACCESSORIES,PIECES,1,130,130.00,155,,,TML
49985887,PRECIOUS SCENT PET COLOGNE - PURPLE DEW,SUPPLY AND ACCESSORIES,PIECES,1,130,130.00,155,,,TML
4806529490065,PREDNISONE 10MG/5ML SYRUP - CORT,CLINIC/LAB/MEDS,PIECES,10,650,65.00,250,,1 Nov 2026,PRIMECARE PHARMACEUTICAL DISTRIBUTORS
86203197,PREDNISONE 10MG/5ML SYRUP - CORT (ARB PHARMA),CLINIC/LAB/MEDS,PIECES,10,750,75.00,250,,1 Aug 2027,ARC PHARMACEUTICAL
4806524140835,PREDNISONE 5MG TABLET - DERPSON ,CLINIC/LAB/MEDS,PIECES,1000,550,0.55,10,,1 Jun 2026,PRIMECARE PHARMACEUTICAL DISTRIBUTORS
4806504265503,PREDNISOLONE 15MG/5ML SYRUP - IMPRESOL (I-PROTECT),CLINIC/LAB/MEDS,PIECES,,1750,175.00,320,,1 May 2028,I-PROTECT
4806504265503,PREDNISOLONE 15MG/5ML SYRUP - IMPRESOL (I-PROTECT),CLINIC/LAB/MEDS,PIECES,20,5100,195.00,350,,1 Oct 2028,I-PROTECT
4064951004766,PREVICOX DOG 60 TABS - PER BOTTLE,CLINIC/LAB/MEDS,BOTTLE,10,1749,"1,749.00",2700,,1 Oct 2027,NUVETUS
39987983,PREVICOX DOG 60 TABS - PER TABLET,CLINIC/LAB/MEDS,PIECES,600,29.15,29.15,50,,1 Oct 2027,NUVETUS
57618906,PRIMERA CARE PET COLOGNE - BUBBLE GUM,SUPPLY AND ACCESSORIES,PIECES,,,172.00,280,,,PET717
91800916,PRIMERA CARE PET COLOGNE - BUBBLE GUM,SUPPLY AND ACCESSORIES,PIECES,,,169.00,280,,15 May 2028,PETSNEY
29360635,PRIMERA CARE PET COLOGNE- CUCUMBER MELON,SUPPLY AND ACCESSORIES,PIECES,,,172.00,280,,,PET717
49897296,PRIMERA CARE PET COLOGNE - LAVENDER,SUPPLY AND ACCESSORIES,PIECES,,,172.00,280,,,PET717
95000848,PRIMERA CARE PET COLOGNE - PEPPERMINT,SUPPLY AND ACCESSORIES,PIECES,2,348,174.00,280,,22 Jun 2027,PET717
80852025,PRIMERA CARE PET COLOGNE - STRAWBERRY,SUPPLY AND ACCESSORIES,PIECES,2,348,174.00,280,,17 May 2028,PET717
99528911,PRIMERA CARE PET COLOGNE - STRAWBERRY (PETSNEY),SUPPLY AND ACCESSORIES,PIECES,,,169.00,280,,17 May 2028,PETSNEY
81676095,PRO HEART INJECTION 11KG - 15KG ,CLINIC/LAB/MEDS,SERVICING,,1384.224,"1,384.22",3500,,,NUVETUS
72571972,PRO HEART INJECTION 16KG - 20KG,CLINIC/LAB/MEDS,SERVICING,,1730.28,"1,730.28",4500,,,NUVETUS
63241037,PRO HEART INJECTION 21KG - 25KG,CLINIC/LAB/MEDS,SERVICING,,2249.364,"2,249.36",5500,,,NUVETUS
58707173,PRO HEART INJECTION 26KG - 30KG ,CLINIC/LAB/MEDS,SERVICING,,3114.504,"3,114.50",6500,,,NUVETUS
18648812,PRO HEART INJECTION 5KG BELOW,CLINIC/LAB/MEDS,SERVICING,,432.57,432.57,1500,,,NUVETUS
60733634,PRO HEART INJECTION 6KG - 10KG ,CLINIC/LAB/MEDS,SERVICING,,865.14,865.14,2500,,,NUVETUS
42286486,PROXANTEL  - DEWORMER PER TAB ,CLINIC/LAB/MEDS,PIECES,100,4276,42.76,200,,1 Oct 2027,
91253569,PET DEFENSE PROBIOTIC FOR DOGS/CATS POWDER 100G,CLINIC/LAB/MEDS,PIECES,2,600,300,450,,1 May 2027,ZEEE ZEEX VET PET CARE SERVICE
8850125072831,PURINA FRISKIES ADULT 400G - SURFIN FAVOURIES,DRY CAT FOOD,PIECES,2,338,169,195,,05/25/2026,
8850125072855,PURINA FRISKIES KITTEN 400G - KITTEN DISCOVERIES,DRY CAT FOOD,PIECES,2,338,169,195,,06/23/2026,
9003579309407,RC CARDIAC DOG 410G,PRESCRIPTION DIET,PIECES,12,2700,225.00,299,,8/26/2026,NUVETUS
9003579309445,RC GASTROINTESTINAL DOG 400G,PRESCRIPTION DIET,PIECES,12,2700,225.00,299,,7/25/2026,NUVETUS
9003579309469,RC HEPATIC DOG 420G,PRESCRIPTION DIET,PIECES,12,2820,235.00,299,,7 Aug 2026,NUVETUS
9003579307717,RC RECOVERY DIET 195G,PRESCRIPTION DIET,PIECES,12,2460,205.00,290,,9/24/2026,NUVETUS
17271936,RC RECOVERY DIET 195G (SSAC),PRESCRIPTION DIET,PIECES,12,2436,203.00,290,,20 Aug 2027,SOUTH SIDE ANIMAL CLINIC
9003579000748,RC RENAL DOG 410G,PRESCRIPTION DIET,PIECES,12,2820,235.00,290,,10 Sep 2026,NUVETUS
79667180,RC RENAL WITH FISH POUCH,PRESCRIPTION DIET,PIECES,12,1440,120.00,170,,10/25/2026,NUVETUS
9003579000366,RC URINARY CARE POUCH ,PRESCRIPTION DIET,PIECES,12,840,70.00,95,,11/24/2026,NUVETUS
77975546,RC URINARY CARE POUCH (ROYAL CANIN),PRESCRIPTION DIET,PIECES,,957,79.75,105,,16 Jul 2027,ROYAL CANIN
9003579310632,RC URINARY S/O DOG 410G,PRESCRIPTION DIET,PIECES,12,2820,235.00,290,,11 Oct 2026,NUVETUS
12604081,RC URINARY S/O DOG 410G (SSAC),PRESCRIPTION DIET,PIECES,12,2784,232.00,320,,15 Sep 2027,SOUTH SIDE ANIMAL CLINIC
70322101,RECATHETER,CLINIC/LAB/MEDS,PIECES,1,,10.00,250,,,
85819610,REGISTRATION FEE,SEVICES,SERVICING,,,150.00,300,,,PAWESOME
65009321,S BITE ROPE ,SUPPLY AND ACCESSORIES,PIECES,1,80,80.00,100,,,PET & HOME PH
32873351,SCRATCHER VASE,SUPPLY AND ACCESSORIES,PIECES,1,620,620,1620,,,
79199612,WOUND REPAIR MINOR - 1 TO 5 MINS.,SURGERY,SERVICING,,250,250.00,600,,,
39905932,WOUND REPAIR MINOR - 6 TO 10 MINS.,SURGERY,SERVICING,,350,350.00,800,,,
70879131,WOUND REPAIR MINOR - 11 TO 15 MINS.,SURGERY,SERVICING,,450,450.00,1000,,,
26084916,WOUND REPAIR MINOR - 16 TO 20 MINS.,SURGERY,SERVICING,,550,550.00,1200,,,
56445596,WOUND REPAIR MINOR - 21 TO 25 MINS,SURGERY,SERVICING,,650,650.00,1400,,,
36075874,SCOURVET (JPS ONLINE SHOP),CLINIC/LAB/MEDS,PIECES,3,717,239.00,350,,1 Sep 2027,JPS ONLINE SHOP
91829825,SCOURVET (PPCMNL),CLINIC/LAB/MEDS,PIECES,3,684,228.00,350,,1 Jun 2027,PPCMNL
30249219,SEPTOTRYL - INJECTION 1 TO 3KG,CLINIC/LAB/MEDS,SERVICING,,,30.85,250,,29 Jun 2025,NUVETUS
74524549,SEPTOTRYL - INJECTION 3.1 TO 6KG,CLINIC/LAB/MEDS,SERVICING,,,61.70,300,,,NUVETUS
75303655,SEPTOTRYL - INJECTION 61. TO 9KG,CLINIC/LAB/MEDS,SERVICING,,,92.56,350,,,NUVETUS
44728502,SEPTOTRYL - INJECTION 9.1 TO 12KG,CLINIC/LAB/MEDS,SERVICING,,,123.41,400,,,NUVETUS
14541124,SEPTOTRYL - INJECTION 12.1 TO 15KG,CLINIC/LAB/MEDS,SERVICING,,,154.26,450,,,NUVETUS
98365678,SEPTOTRYL - INJECTION 15.1 TO 19KG,CLINIC/LAB/MEDS,SERVICING,,,195.40,500,,,NUVETUS
76208126,SEPTOTRYL - INJECTION 19.1 TO 25KG,CLINIC/LAB/MEDS,SERVICING,,,257.10,600,,,NUVETUS
49325782,SEPTOTRYL - INJECTION 25.1 TO 30KG,CLINIC/LAB/MEDS,SERVICING,,,308.52,700,,,NUVETUS
22943941,SEPTOTRYL - INJECTION 30.1 TO 35KG,CLINIC/LAB/MEDS,SERVICING,,,359.94,850,,,NUVETUS
14216954,SEPTOTRYL - INJECTION 35.1 TO 40KG,CLINIC/LAB/MEDS,SERVICING,,,411.36,900,,,NUVETUS
85242524,SEPTOTRYL - INJECTION 40.1 TO 45KG,CLINIC/LAB/MEDS,SERVICING,,,462.78,1000,,,NUVETUS
68061012,SEPTOTRYL - INJECTION 45.1 TO 50KG,CLINIC/LAB/MEDS,SERVICING,,,514.20,1100,,,NUVETUS
9334214023960,SHEBA - SUCCALANT CHICKEN BREAST 85g can,WET CAT FOOD,PIECES,6,410,68.33,90,,,PEDIGREE AND WHISKAS
9334214036472,SHEBA - TUNA & SALMON IN GRAVY 85g can,WET CAT FOOD,PIECES,6,410,68.33,90,,,PEDIGREE AND WHISKAS
9334214024998,SHEBA POUCH - TUNA & CRAB STICK (70G),WET CAT FOOD,PIECES,12,520,43.33,64,,,PEDIGREE AND WHISKAS
9334214025018,SHEBA POUCH - TUNA CHICKEN & BONITO,WET CAT FOOD,PIECES,12,520,43.33,64,,,PEDIGREE AND WHISKAS
8851393003725,SHEBA STICK - KATSUO & SALMON (12G),CAT TREAT,PIECES,6,435.6,74.16,125,,,PEDIGREE AND WHISKAS
8851393003695,SHEBA STICK - TUNA (12G),CAT TREAT,PIECES,6,435.6,72.60,120,,,PEDIGREE AND WHISKAS
55944977,SHOES ACL MESH STRAP S-2,SUPPLY AND ACCESSORIES,PIECES,1,180,180,360,,,
31481465,SHOES STRAP DENIM,SUPPLY AND ACCESSORIES,PIECES,1,200,200,430,,,
21636691,SHOES WITH LACE,SUPPLY AND ACCESSORIES,PIECES,2,300,150,340,,,
84484192,SILICON PET PORTABLE FOOD BOWL - GREEN,SUPPLY AND ACCESSORIES,PIECES,1,38,38,150,,,PET & HOME PH
73367369,SILICON PET PORTABLE FOOD BOWL - PINK,SUPPLY AND ACCESSORIES,PIECES,1,38,38,150,,,PET & HOME PH
83789779,SILICON PET PORTABLE FOOD BOWL - BLUE,SUPPLY AND ACCESSORIES,PIECES,2,76,38.00,150,,,PET & HOME PH
32424379,SILICON PET PORTABLE FOOD BOWL - YELLOW,SUPPLY AND ACCESSORIES,PIECES,2,76,38.00,150,,,PET & HOME PH
5414736055596,SIMPARICA TRIO (M) 5KG TO 10KG - BOX,CLINIC/LAB/MEDS,BOX,2,1865.51,,2150,,1 Aug 2026,NUVETUS
52423246,SIMPARICA TRIO (M) 5KG TO 10KG - PER PIECE,CLINIC/LAB/MEDS,PIECES,6,621.83,,750,,1 Aug 2026,NUVETUS
5414736055602,SIMPARICA TRIO (S) 2.5KG TO 5KG - BOX,CLINIC/LAB/MEDS,BOX,2,1707.84,,1850,,1 Apr 2026,NUVETUS
67776825,SIMPARICA TRIO (S) 2.5KG TO 5KG - PER PIECE,CLINIC/LAB/MEDS,PIECES,6,569.28,,650,,1 Apr 2026,NUVETUS
21684647,SIMPARICA TRIO (S) 2.5KG TO 5KG - PER PIECE (TOGALABZ),CLINIC/LAB/MEDS,PIECES,6,,464.53,700,,1 Sep 2026,TOGALABZ
37537357,SIMPARICA TRIO (M) 5KG TO 10KG - PER PIECE (TOGALABZ),CLINIC/LAB/MEDS,PIECES,6,,507.45,750,,1 Feb 2027,TOGALABZ
80084716,SIMPARICA TRIO (L) 10KG TO 20KG - PER PIECE (TOGALABZ),CLINIC/LAB/MEDS,PIECES,6,,520.76,820,,1 Feb 2027,TOGALABZ
82655969,SIMPLE CAT BATH CAGE ,SUPPLY AND ACCESSORIES,PIECES,1,458,458.00,900,,,SMILE-99
21952036,SKIN CYTOLOGY TEST,CLINIC/LAB/MEDS,SERVICING,,150,,350,,,PAWESOME 
89062128,SKIN SCRAPE TEST,CLINIC/LAB/MEDS,SERVICING,,100,,300,,,PAWESOME 
51091187,SMALL DOG COLLAR TRI-COLOR,SUPPLY AND ACCESSORIES,PIECES,7,140,20,50,,,
99607081,SMEAR TEST,CLINIC/LAB/MEDS,SERVICING,,150,,400,,,PAWESOME 
57716084,SODAGO - EYE STEM CELL,CLINIC/LAB/MEDS,PIECES,,1722,1049,1250,,13 Apr 2028,VV ONLINE STORE
96677599,SOFT BOTTLES SHOES,SUPPLY AND ACCESSORIES,PIECES,1,80,80,180,,,
94631913,SPAY CAT FEMALE ,SURGERY,SERVICING,,900,900.00,2500,,,PAWESOME
79896283,SPAY DOG  1 -5kg,SURGERY,SERVICING,,1500,"1,500.00",3500,,,PAWESOME
30801981,SPAY DOG 10.1 - 15kg,SURGERY,SERVICING,,2500,"2,500.00",5000,,,PAWESOME
42303244,SPAY DOG 15.1 - 20kg,SURGERY,SERVICING,,3000,"3,000.00",6000,,,PAWESOME
85225015,SPAY DOG 20.1 -25kg,SURGERY,SERVICING,,3500,"3,500.00",7000,,,PAWESOME
47765054,SPAY DOG 25.1 -30kg,SURGERY,SERVICING,,4000,"4,000.00",8000,,,PAWESOME
33105499,SPAY DOG 5.1 -10kg,SURGERY,SERVICING,,2000,"2,000.00",4000,,,PAWESOME
22592613,SPAY DOG 30.1 - 35kg,SURGERY,SERVICING,,4500,"9,000","9,000",,,PAWESOME
62246538,SPAY DOG 35.1 - 40kg,SURGERY,SERVICING,,5000,"10,000","10,000",,,PAWESOME
42925507,SPAY DOG 40.1 - 45kg,SURGERY,SERVICING,,5500,"11,000","11,000",,,PAWESOME
8009470007450,SPECIAL CAT (MOUSSE W/ BEEF & LIVER) CAN - ADULT,WET CAT FOOD,PIECES,4,320,80,150,,10/24/2028,
8009470001342,SPECIAL DOG (AGNELLO ETACCHINO) CAN - ADULT,WET DOG FOOD,PIECES,4,320,80,150,,10/16/2028,
8009470080293,SPECIAL DOG (LAMB & RICE) 1.5KG - ADULT ,DRY DOG FOOD,PIECES,2,556,278.00,360,,05/16/2026,TAIL WAGGERS OPC
8009470080316,SPECIAL DOG (LAMB & RICE) 1.5KG - PUPPY,DRY DOG FOOD,PIECES,2,554,277.00,350,,6 May 2026,TAIL WAGGERS OPC
8009470001069,SPECIAL DOG (POLLO e RISO) CAN - PUPPY,WET DOG FOOD,PIECES,2,160,80,150,,10/23/2028,
67851584,STACKABLE CAGE FOR DOG & CAT,SUPPLY AND ACCESSORIES,PIECES,1,419,419,750,,,
65342718,SEDATION 1-5 kg,CLINIC/LAB/MEDS,SERVICING,,300,300,600,,,PAWESOME
81681068,SEDATION 5.1-10 kg,CLINIC/LAB/MEDS,SERVICING,,400,400,800,,,PAWESOME
64739502,SEDATION 10.1-15  kg,CLINIC/LAB/MEDS,SERVICING,,500,500,1000,,,PAWESOME
13898229,SEDATION 15.1-20 kg,CLINIC/LAB/MEDS,SERVICING,,600,600,1200,,,PAWESOME
52752254,SCHIRMER STRIPS,CLINIC/LAB/MEDS,PIECES,100,1259,12.59,250,,,
8906009111087,THROMB BEAT SYRUP 100ML ,CLINIC/LAB/MEDS,PIECES,3,987,329,650,,1 Jan 2028,
21140570,THROW RING TOY,SUPPLY AND ACCESSORIES,PIECES,2,140,70,150,,,
88621654,TICK & FLEA COMB BIG FOR DOG AND CAT,SUPPLY AND ACCESSORIES,PIECES,5,200,40,100,,,
92231092,TOLFENAMIC ACID SYRUP 30ML ,CLINIC/LAB/MEDS,PIECES,5,227.74,,230,,1 Dec 2027,PET717
65875322,TOLFENAMIC ACID SYRUP 30ML (NUVETUS),CLINIC/LAB/MEDS,PIECES,5,1138.7,227.74,,,,NUVETUS
62922494,TOOTHBRUSH,SUPPLY AND ACCESSORIES,PIECES,12,150,12.50,40,,,TML
87680775,TOUCH DOG COLLAR,SUPPLY AND ACCESSORIES,PIECES,6,600,100,270,,,
89362556,TRAMADOL - AGORAM 50MG CAPSULE (I PROTECT),CLINIC/LAB/MEDS,PIECES,200,800,4,,,1 Aug 2027,I PROTECT
28795926,TRAMADOL  INJECTABLE - SMALL,CLINIC/LAB/MEDS,SERVICING,,,55,300,,,I PROTECT
47447332,TRAMADOL INJECTABLE - MEDIUM,CLINIC/LAB/MEDS,SERVICING,,,55,400,,,I PROTECT
28655312,TRAMADOL INJECTABLE - LARGE,CLINIC/LAB/MEDS,SERVICING,,,55,550,,,I PROTECT
34513187,TRAMADOL INJECTABLE - EXTRA LARGE,CLINIC/LAB/MEDS,SERVICING,,,55,600,,,I PROTECT
8903494000377,TRANEXAMIC ACID (TRANESAPH) - INJECTION,CLINIC/LAB/MEDS,SERVICING,15,330,22,250,,,I PROTECT
43527908,UNIVET E-COLLAR 12.5CM,SUPPLY AND ACCESSORIES,PIECES,20,1250,62.50,95,,,JEIA VETERINARY CORPORATION
10619766,UNIVET E-COLLAR 15CM,SUPPLY AND ACCESSORIES,PIECES,20,1500,75.00,105,,,JEIA VETERINARY CORPORATION
49274400,UNIVET E-COLLAR 20CM,SUPPLY AND ACCESSORIES,PIECES,20,2000,100.00,140,,,JEIA VETERINARY CORPORATION
41616444,UNIVET E-COLLAR 25CM,SUPPLY AND ACCESSORIES,PIECES,20,2500,125.00,175,,,JEIA VETERINARY CORPORATION
47976535,UNIVET E-COLLAR 30CM,SUPPLY AND ACCESSORIES,PIECES,20,3000,150.00,200,,,JEIA VETERINARY CORPORATION
72547045,UNIVET T-COLLAR 7.5CM,SUPPLY AND ACCESSORIES,PIECES,20,750,37.50,70,,,JEIA VETERINARY CORPORATION
90185809,URINALYSIS,CLINIC/LAB/MEDS,SERVICING,,150,,350,,,
87992731,VACCINATION CARD,CLINIC/LAB/MEDS,SERVICING,,20,,30,,,PAWESOME 
95694191,VET WRAP SMALL,SUPPLY AND ACCESSORIES,PIECES,,,50.00,100,,,NUVETUS 
9310022807619,WHISKAS CAN - OCEAN FISH (400G),WET CAT FOOD,PIECES,6,637,106.17,150,,23 Aug 2027,PEDIGREE AND WHISKAS
42285786,WHISKAS CAN - SARDINES (400G),WET CAT FOOD,PIECES,6,637,106.17,150,,14 Dec 2026,PEDIGREE AND WHISKAS
11444770,WHISKAS MACAREL FLAVOR 80G POUCH,WET CAT FOOD,PIECES,14,399,28.50,45,,26 Aug 2026,PEDIGREE AND WHISKAS
46232724,WHISKAS TUNA AND WHITE FISH FLAVOR 80G POUCH,WET CAT FOOD,PIECES,14,433,30.93,55,,11 Sep 2027,PEDIGREE AND WHISKAS
32044553,WOUND CLEANING (MAJOR),CLINIC/LAB/MEDS,SERVICING,,250,259,600,,,
19215662,WOUND CLEANING (MINOR),CLINIC/LAB/MEDS,SERVICING,,150,150,300,,,
26714738,KETOKEK SKY EC BEST - KETOCONAZOLE TABLET - PIECE (HAVELI),CLINIC/LAB/MEDS,PIECES,,340,34,50,,NOVEMNER 2026,HAVELI HOUSE MALL
83806346,KETOKEK SKY EC BEST - KETOCONAZOLE TABLET - PIECE,CLINIC/LAB/MEDS,PIECES,20,347,34.7,50,,1 Nov 2026,PET717
92735552,KETOKEK SKY EC BEST - KETOCONAZOLE TABLET - BOX,CLINIC/LAB/MEDS,BOX,2,347,347,455,,1 Nov 2026,PET717
25295122,YUNNAN BAIYAO CAPSULE - PER PIECE / BOX,CLINIC/LAB/MEDS,PIECES,48,945,50,50,,1 Jan 2030,SHOBEH 2000
23854390,YUNNAN BAIYAO CAPSULE - PER PIECE / BOX,CLINIC/LAB/MEDS,PIECES,32,622,19.44,50,,1 Feb 2030,OVERSEA DRUG STORE
,,,,,,,,,,
,,,,,,,,,,
,,,,,,,,,,
,,,,,,,,,,
,,,,,,,,,,
,,,,,,,,,,
,,,,,,,,,,
,,,,,,,,,,
,,,,,,,,,,
,,,,,,,,,,
,,,,,,,,,,
,,,,,,,,,,
,,,,,,,,,,
,,,,,,,,,,
,,,,,,,,,,
,,,,,,,,,,
,,,,,,,,,,
,,,,,,,,,,
,,,,,,,,,,
,,,,,,,,,,
,,,,,,,,,,
,,,,,,,,,,
,,,,,,,,,,
,,,,,,,,,,
,,,,,,,,,,
,,,,,,,,,,
,,,,,,,,,,
,,,,,,,,,,
,,,,,,,,,,
,,,,,,,,,,
,,,,,,,,,,
,,,,,,,,,,
,,,,,,,,,,
,,,,,,,,,,
,,,,,,,,,,
,,,,,,,,,,
,,,,,,,,,,
,,,,,,,,,,
,,,,,,,,,,
,,,,,,,,,,
,,,,,,,,,,
,,,,,,,,,,
,,,,,,,,,,
,,,,,,,,,,
,,,,,,,,,,
,,,,,,,,,,
,,,,,,,,,,
,,,,,,,,,,
,,,,,,,,,,
,,,,,,,,,,
,,,,,,,,,,
,,,,,,,,,,
,,,,,,,,,,
,,,,,,,,,,
,,,,,,,,,,
,,,,,,,,,,
,,,,,,,,,,
,,,,,,,,,,
,,,,,,,,,,
,,,,,,,,,,
,,,,,,,,,,
,,,,,,,,,,
,,,,,,,,,,
,,,,,,,,,,
,,,,,,,,,,
,,,,,,,,,,
,,,,,,,,,,
,,,,,,,,,,
,,,,,,,,,,
,,,,,,,,,,
,,,,,,,,,,
,,,,,,,,,,
,,,,,,,,,,
,,,,,,,,,,
,,,,,,,,,,
,,,,,,,,,,
93977142,LIVOTINE 120ML ,CLINIC/LAB/MEDS,PIECES,3,528,176.00,495,,1 Mar 2028,
95957272,ADMINISTRATION OF INJECTABLE ,CLINIC/LAB/MEDS,SERVICING,,100,,200,,,
83678509,FOLLOW UP CHECK UP,CLINIC/LAB/MEDS,SERVICING,,150,,250,,,
24370981,BIOLINE EYE CARE,SUPPLY AND ACCESSORIES,PIECES,3,196,98.00,250,,21 Oct 2027,
4806522720916,NACALVIT ZC,CLINIC/LAB/MEDS,PIECES,2,364,182.00,350,,,
38338793,IROPLUS,CLINIC/LAB/MEDS,PIECES,2,390,195.00,300,,6 Jan 2027,
4806523302869,CEFALEXIN – EDIXIN 500MG CAP,CLINIC/LAB/MEDS,PIECES,100,230,2.30,25,,,
4800301902531,CEFALEXIN – DIACEF 250MG CAP,CLINIC/LAB/MEDS,PIECES,100,180,1.80,20,,,
4806037105994,CO AMOXICLAV – RANICLAV 625MG TAB,CLINIC/LAB/MEDS,PIECES,140,1050,7.50,40,,,
8906043320780,CO AMOXICLAV – CO AMOXISAPH 250MG SUS.,CLINIC/LAB/MEDS,PIECES,10,850,85.00,400,,,
93016513,PARACETAMOL - INJECTABLE 1 TO 5KG,CLINIC/LAB/MEDS,SERVICING,1,65,65.00,100,,,
72376928,PARACETAMOL - INJECTABLE 6 TO 10KG,CLINIC/LAB/MEDS,SERVICING,,65,65.00,200,,,
28052586,PARACETAMOL - INJECTABLE 11 TO 15KG,CLINIC/LAB/MEDS,SERVICING,,65,65.00,300,,,
34720455,PARACETAMOL - INJECTABLE 15 TO 20KG,CLINIC/LAB/MEDS,SERVICING,,65,65.00,350,,,
97577621,PARACETAMOL - INJECTABLE 20 TO 25KG,CLINIC/LAB/MEDS,SERVICING,,65,65.00,400,,,
17613224,PARACETAMOL - INJECTABLE 25 TO 30KG,CLINIC/LAB/MEDS,SERVICING,,65,65.00,450,,,
45542992,PARACETAMOL - INJECTABLE 30 TO 35KG,CLINIC/LAB/MEDS,SERVICING,,65,65.00,500,,,
65701942,PARACETAMOL - INJECTABLE 35 TO 40KG,CLINIC/LAB/MEDS,SERVICING,,65,65.00,550,,,
8903494201996,TOBRAMYCIN – TOBRASAPH 3MG/ML EYE,CLINIC/LAB/MEDS,PIECES,10,450,45.00,300,,,
72334423,CYSTOCENTESIS - CAT,CLINIC/LAB/MEDS,SERVICING,,150,150.00,500,,,
40814391,CATHETERIZATION - CAT,CLINIC/LAB/MEDS,SERVICING,,1500,"1,500.00",3500,,,
65536612,EPINEPHRINE - PER SHOT,CLINIC/LAB/MEDS,SERVICING,,19,19.00,50,,,
36037230,ATROPINE - PER AMPULE,CLINIC/LAB/MEDS,PIECES,10,300,30.00,150,,,
8850238065522,TASTY TREATS 120G - BEEF FLAVOUR ,DOG TREAT,PIECES,3,186,62.00,180,,5/14/2026,
8850477006867,ME-O CREAMY TREATS 15G,CAT TREAT,PIECES,4,180,45.00,160,,2/13/2027,
8859387702159,CIAO DRIED BONITO FLAVOR,CAT TREAT,PIECES,6,210,35.00,95,,7/14/2026,
8859104007215,BINGO STAR YUMMY STICKS - GRILLED CHICKEN LIVER FLAVOUR,DOG TREAT,PIECES,4,160,40.00,160,,10 Feb 2026,
8859104007222,BINGO STAR YUMMY STICKS - SMOKED BEEF FLAVOUR,DOG TREAT,PIECES,4,160,40.00,160,,10/17/2026,
8850238011833,SLEEKY RAWHIDE DOG CHEWS,DOG TREAT,PIECES,4,236.6,59.15,168,,11 May 2026,
57618906,PRIMERA CARE PET COLOGNE - BUBBLE GUM,SUPPLY AND ACCESSORIES,PIECES,3,522,174.00,280,,9 Jan 2027,PET717
29360635,PRIMERA CARE PET COLOGNE- CUCUMBER MELON,SUPPLY AND ACCESSORIES,PIECES,2,348,174.00,280,,9 Jan 2027,PET717